"e.No.treatment","c.No.treatment","e.Self.help","c.Self.help","e.Individual.counselling","c.Individual.counselling","e.Group.counselling","c.Group.counselling"
0.461796017559282,0,0.784134863176005,41.8180777845094,0.893655981350059,80.0053282186017,0.958183820371371,146.019279113249
0.465767401697918,0,0.648200367136913,50.6344782816214,0.822145822734801,93.2801542612766,0.868372112321803,134.911667977568
0.465056257136853,0,0.601985452109434,45.1989168637175,1.31144316701919,91.5223767482272,0.990054445565914,125.66669866037
0.443739808144218,0,0.619353605572154,45.3540811489391,0.790680371933794,108.389267036169,1.00851438017707,164.967677359595
0.378152540265652,0,0.957088294580213,50.9045928441849,0.789519847603017,98.3921181394614,1.32661263551823,144.048890198681
0.446413538997578,0,0.518727148802953,44.3721167865855,0.762026578958133,107.801053282951,0.708868797113988,146.102816123825
0.367812503169816,0,0.774061788138225,48.1120752619156,0.836063775293587,89.0403454873968,1.1317945173873,138.701287398095
0.443703700937438,0,1.09396184867712,47.6097160557925,0.951085017113762,100.448841483779,1.90220556789504,137.388563241134
0.24491455622472,0,0.792299267187603,44.3438502954686,1.03673235860681,100.934659570083,0.813789617697075,158.901577344848
0.265622083455671,0,0.692976711890361,44.3873516511755,1.26599863713082,101.939196871997,1.07636406383416,142.559408903269
0.293529168135736,0,0.502494275962906,48.3510068975698,1.04644607296036,90.9319415175261,0.991680049507862,139.843181691563
0.394842778146257,0,0.482941053170741,46.1511573504215,0.668052419783136,94.8542335527204,1.54615613698432,135.566446919231
0.275413829033434,0,0.64511609063144,46.1918297877084,0.638394741177106,101.420792174247,1.17981058113385,148.476938776828
0.569020918362416,0,0.729163768686534,41.7246169742077,0.791982949408418,86.2898723727611,1.05346749248186,118.126435293584
0.449915831354351,0,0.526869435875031,43.1781111898298,0.859560107858076,95.8963357925603,1.61419895517461,149.548561373589
0.372150336452299,0,0.561705885070753,41.6150767957445,1.01005099312884,95.2294255983368,0.840543998893818,135.791277577608
0.473825214696621,0,0.447503346445053,44.1217099653286,0.657691206888099,102.020362162826,0.616298561456704,141.576998045339
0.297976053980824,0,0.728407657961297,52.4957818308315,0.84198272990231,91.5991726588034,1.13010413977099,142.309363822333
0.296173662809097,0,0.698911120840264,49.1087167832907,0.850848397104986,84.0014204616845,1.42910218993067,156.010679806374
0.590018493002534,0,0.554425197414551,48.5269011050262,0.899503307316088,101.343559570373,0.882179647584106,160.626275807759
0.365173887327372,0,0.606393740492144,44.2671612675907,0.852941576615802,98.3837898553194,0.845592610351514,149.626460695063
0.490950856877343,0,0.668682113312559,47.9113412066474,0.81731336723801,92.2516229353168,1.83706075270993,147.493525623973
0.525094551756779,0,0.415151788748438,52.4117386465965,0.934900207908106,89.7051047306188,1.36434599755709,147.342500001138
0.419812227144123,0,0.504852879490399,45.9756080001986,0.805646209987466,92.7302717480757,1.50861787233818,164.568269346121
0.467199982291274,0,0.755342123247919,49.5668449557852,0.934621774491924,88.8125935809834,1.27408676056055,155.44965571895
0.354027004192583,0,0.446388343269668,48.9720726733012,0.852980631433784,114.000701183344,1.03504506334509,140.839768166985
0.439984042197224,0,0.558673065537537,48.6559394841225,0.841756963910564,97.1712064908447,0.744022739998008,130.362422757442
0.316334643632934,0,0.470026392710648,42.4069632964985,0.888184218518311,105.98195108768,1.14959093031189,145.548191829101
0.331942339320328,0,0.753447736876742,50.097923004499,0.875063141060893,104.212549099563,1.04463226342962,135.607241258559
0.368328254403694,0,0.448716502392811,43.6201828205702,0.91774235580304,98.1608809360607,1.10052124079822,156.82942494308
0.57685873110368,0,0.444676342228747,41.9819884593912,0.684867032616389,88.4621956012056,1.16280525818156,132.821390520151
0.399976074624796,0,0.583390131029282,45.6263822920245,1.1504309391208,108.434696748915,0.956579731422342,125.493391189152
0.331597861870277,0,0.786151508120878,39.6599415668971,1.33543824981763,95.5941050609419,1.1585962072468,158.404547346431
0.3921951349835,0,0.586591605267023,44.7293013750086,0.868609078577423,98.2762704910807,1.05114324682578,139.830621957706
0.510363054405884,0,0.675334605482943,43.0372736409375,0.730397061330437,95.5262517591542,0.749282995055875,154.695990719718
0.40484449115355,0,0.951118940251623,52.0293150027175,0.833278880325776,101.379923798268,1.55507887153751,148.953793976477
0.372358237229096,0,0.65137647767559,44.5032865846262,0.886402625798742,98.0364441194727,0.953042545600137,140.978188769912
0.684218278146679,0,1.43913461082498,46.0831710459915,1.04141672256069,93.8737037620191,0.975750529639389,141.116941555138
0.442913353155075,0,0.765151518010682,46.7509582640449,0.649596864601293,84.1412162499297,1.36684600224285,140.469189281407
0.461586222432088,0,0.829129491370537,45.5761209998689,0.868002090629774,89.8802031098372,0.803335242079201,133.578136395436
0.285505983270217,0,0.77358324296243,40.7796185973541,0.838807954665128,96.3912471383102,1.28917788349198,144.999044201071
0.364730589588123,0,0.816194893975573,44.7546328251047,1.12429813229955,89.7859154583926,1.17698962913772,127.844648682218
0.340674738179904,0,0.952594968490496,46.216818252586,0.769063090105939,93.8784700205575,1.39514456940204,156.677259875989
0.437220360377945,0,0.468861068712832,45.2429109801897,0.957516475190281,91.2123981413217,1.03975039892656,116.413184361873
0.338003420436155,0,0.565256901120913,46.0007329831248,0.826255004698138,89.1728286479879,0.78828154794606,156.816386752768
0.386659760619306,0,0.49940803937254,45.6184125565786,0.790960085707888,94.8914065876966,0.423349889655345,134.638415885574
0.371931003392388,0,0.917328071281852,47.6848103586733,1.02949390728885,96.211293991145,0.811100856832858,136.381610327322
0.355668899114223,0,0.511875465690288,43.2622419228098,0.89734463040978,100.696183084813,0.865258597400235,123.109246072547
0.430545861778587,0,0.663924928255149,43.3512839029869,1.1630808634801,79.9793151106326,1.18638465786764,142.563554822652
0.355825451288572,0,0.370202204876207,46.8827230796487,0.880041789469852,104.109530854142,1.45747005132941,130.780610068339
0.318708693703827,0,0.611895784489003,44.5798592324481,0.912451038137791,103.00734297986,1.22451775876184,153.291785230264
0.408513978934925,0,0.829425415335001,48.9441883006629,1.12040955757281,81.4592068055553,1.38778196553318,144.626672054608
0.269925321063787,0,0.607719172338075,46.8799167302035,0.846683251656428,83.7568685131292,1.02870755444252,129.439061404285
0.476754361134892,0,0.589122693382074,47.6789343250863,1.07173114016747,87.4161430321891,1.13277466435218,150.733726324737
0.363752895360529,0,0.961261445027717,51.9748330411574,0.800502982416704,83.8873031520743,0.954445199967959,124.220150057046
0.470624036677561,0,0.565411255726485,45.1466786104794,1.02196755643514,91.6253544346407,0.693645893069035,143.072632545059
0.58105973946374,0,0.568830082001701,41.8948402405217,0.766507159187094,82.7839587056722,1.42396932213278,142.663366012238
0.517282451298451,0,0.619245300364315,45.6037586239236,1.0439202268904,96.6723692925621,1.22072846543965,131.730010702074
0.445746212009994,0,1.10484208280586,45.407031454943,0.885678948639409,105.852675158907,0.812587426704794,144.497991665852
0.332351798761902,0,0.879893258461541,53.0983851974087,0.90383515505805,88.4148811424764,0.876798854583652,126.160548325176
0.390562292783333,0,0.388544006830128,46.6085788807842,0.932931905864917,102.890251114808,1.01578949335102,150.443913670439
0.330868774142183,0,0.742395997027509,45.8094024258983,0.986508872324311,90.6898130328052,0.925317346523356,144.271384482332
0.512649225473054,0,0.695515878663758,43.3469174871414,0.892454933793347,95.4807050350869,2.44186712026043,140.681011055036
0.271012535705274,0,0.496567207510319,50.5472382364228,0.933089095340237,105.601274093356,0.582228141755174,137.189285662849
0.46191107626636,0,0.689796977753598,45.0760735612345,1.07289528148965,91.90321802326,1.1708817189427,138.366937672863
0.409684098966055,0,0.750655077082736,42.0160577457306,0.946078533389136,89.8169556637725,1.29085682287796,159.654006839111
0.383462063350459,0,0.557395108505202,48.33993353351,0.90237127388359,80.4053727199388,1.19268114419977,155.885875645852
0.462598411723945,0,0.884506635972132,42.5766428550577,0.69122136855654,107.971508361645,0.800152267317316,134.752927459915
0.367623962966681,0,0.519430643256512,41.4211120340161,1.02714846959162,103.949625332949,0.746464728505524,129.52132315291
0.441987018284789,0,0.610296574950611,45.2290718802821,0.981673727101412,91.4732259699719,2.51234821693129,142.70944726569
0.356881331922513,0,0.684780309716646,46.6356798842239,0.895955455260577,103.206671504719,1.23635795561705,140.475136112531
0.39948657053992,0,0.623538207546494,49.7833824296545,0.801601932871198,95.5971350287993,0.977753440851435,147.422761686082
0.453307426624503,0,0.506593220391568,45.2085685799375,1.04064756789994,85.5764208801632,1.26843322116317,161.962900993149
0.49302133497135,0,0.929561063498013,50.8147370106681,0.783575606290431,98.877021150294,1.42317401183434,138.872534231305
0.432905769478977,0,0.841416187746953,54.1105765126919,0.909526546618873,97.5824469526905,1.03493959087041,152.841350454068
0.35138372265135,0,0.679285729516061,48.0030473448177,0.67707216744607,86.3855291823627,1.13406264952538,152.988343470119
0.351411042589049,0,0.560876364683113,42.2138945714997,0.744741500449746,99.444875076537,1.577606889717,160.536181211023
0.393763220327585,0,0.621511452329362,40.7099636980307,0.927779107036383,95.3343197649767,1.35632283040773,114.96343303754
0.464931966308755,0,0.814436784174847,53.0698011679645,0.704074944159553,85.438513320938,1.70511299201939,153.288892779225
0.344112243061123,0,0.716685538649358,44.5986175085972,0.748650369563514,77.6735470567716,1.21568191232657,137.371042336451
0.414199669698354,0,0.498879074337745,40.1994524077911,0.788738357129421,87.7450646352185,1.33202306062745,119.109579001913
0.45092133110928,0,0.530159199778294,46.4902627831199,0.875701972453776,104.439394987874,1.20475134402186,148.70382320965
0.379772957123817,0,0.68625122392301,47.3015738149757,0.809981628428217,97.6916221134161,2.11516775202315,162.821844825841
0.435450604108045,0,0.42926635034533,47.5906167077675,0.681149051196773,94.6281105895143,1.27605073915037,156.371442403149
0.465909997523762,0,0.783479449018121,39.5616232775036,0.7904577391251,109.183049786639,1.22767581773971,162.11398010671
0.461663461044333,0,0.506133782679902,48.3845124398476,1.00424568974067,99.9697312251544,1.11641177839914,144.878354023522
0.296984350051696,0,0.835027621823123,52.9635632740791,0.968040955161349,104.527994442209,1.26442555950411,158.156285634359
0.4216611303569,0,0.627990293628948,44.7309024131815,0.784043700377557,93.6631891766944,1.13408615808382,147.70874045262
0.489106103445682,0,0.590639872890793,43.0264702657791,1.22060292096539,102.053277456245,0.867580415727211,138.291565856803
0.394519680234956,0,1.38548939255475,43.1628228414354,0.920309583171195,88.9052152332898,1.20339240530496,134.271382029133
0.437576313353993,0,0.501693954502829,48.4189630771619,0.939735457376014,82.2545793294574,1.65205286000469,146.319165229907
0.483538229405956,0,0.827597824587855,39.9903422040256,0.916703559884174,86.619668653944,1.20503502507884,167.503521976901
0.353847669073407,0,0.424648967424131,41.0916762045873,0.654936281135129,104.435712525491,0.828907794127677,156.530691573598
0.394616939820043,0,0.766755507390811,54.1245292000988,1.13265398519141,96.6289650272221,1.16286818982005,134.531942030006
0.339553857759796,0,0.551959901967085,44.9653125132373,1.05079164509736,88.9554578064233,0.922770892025367,147.751452861892
0.379855494499243,0,0.603285195459723,42.9333005140449,0.952588144143154,87.2148203483535,1.10038757377937,164.454523138271
0.461786585125489,0,0.53083516352211,49.733446424146,0.780585537631431,102.838297719648,1.45804812983263,155.873457157498
0.416297335922958,0,0.861410109295398,48.7458953292844,0.76296232171036,82.8210033667534,1.41770854150177,158.837367097325
0.328712766890716,0,0.562795208720793,49.3699311943559,1.08377028084588,86.5157324579209,0.693720703108818,159.456243303415
0.444000595543935,0,0.832838077430533,47.283121352206,1.00915579747552,100.59613469479,1.06003052379667,141.055632265843
0.455021390900563,0,0.831130785756107,44.7303544380772,0.886116636254298,94.0601654913224,1.37443383594437,168.19466562422
0.33812545701889,0,0.492283099828062,44.5725345565325,0.803040400054802,100.747446022783,0.811627289685022,141.014862006249
0.403141265701641,0,0.883003069932432,49.06834256897,0.977450193010804,99.6968955548061,1.13053094943179,120.230666593116
0.487603932053329,0,0.644083715637052,50.3456363184052,0.966195231806043,77.6866218152506,1.78470035636696,137.028625559622
0.355130782793846,0,1.0506234816607,47.3031412165666,1.0493804201982,79.3803344432955,1.44168958808118,147.408277511241
0.460367822160986,0,0.766156368093384,49.7932848243443,1.02924948950084,83.7004859699515,1.94452912302559,140.559815742106
0.365476506036597,0,0.660325160128714,44.0859653592041,0.981566986239687,110.672548352741,1.09517561003293,161.896129662251
0.42275323300432,0,0.651230006025776,43.6344836132414,1.23875273043404,87.4934037836009,1.0894071448585,131.470304900229
0.444763738217813,0,0.570264303110943,47.6089031412727,0.695692256440264,104.536939962772,0.842431354879244,135.009276693437
0.517609526472166,0,0.852451450641794,46.2223913238922,0.742921111972768,102.82566665041,0.829395848437397,149.703965961172
0.375205235428243,0,0.622104479583551,50.0622154992258,0.908759750056209,99.422364333347,0.882254503210424,119.247701581717
0.479185548597508,0,1.09058033014504,40.4414341539512,1.09786105003074,100.543784079368,1.39400922351438,160.753852896177
0.411691794580323,0,0.540915048816847,43.4624111207412,1.08854553145142,94.1109037420669,1.75025505106738,117.149749623097
0.422299762010871,0,0.958867858217555,50.5349686545553,1.15961971533251,107.33268950767,1.877096817301,162.434867774155
0.453823080423459,0,0.514639557728126,53.3198213887179,0.838844216902285,95.9506212747923,0.886849043132106,149.280626668313
0.410609694170988,0,1.18906174385599,42.3930371035968,1.0212643634528,88.672698121527,1.68753425837634,150.921546479607
0.348209938250156,0,0.828835564040399,49.8721146682947,0.82399785779445,94.9069147968639,0.786221281496595,160.089623171107
0.336556854642166,0,0.524926584552882,45.8359650176696,0.947303832259194,86.7292369846007,0.642553705562412,134.724562614854
0.52002853841436,0,0.614577075733511,47.8463783259176,0.850121917021523,103.507412129834,1.53947482164896,133.559892077282
0.47400685300539,0,0.709997873410932,44.2789673303086,0.886759228025724,103.306440392269,1.22547158435451,160.408881430921
0.506124976136823,0,0.61601639338812,51.4818107991615,0.700483317915198,101.256095761691,1.95304927541702,119.798177429058
0.333862814793114,0,0.466253360140429,44.3955722868739,0.664838676434772,83.4013453826886,1.26040237554139,159.79316907285
0.402775405370352,0,0.712432559135873,47.6691647667685,0.739687027654611,110.96879594758,0.483394672578211,143.113787973844
0.388266602281321,0,1.01047453864601,38.0157931860738,1.05279488306645,82.3277082764233,0.948400917861024,150.699103478545
0.544250884750452,0,0.535364486360472,43.4178267293263,0.970682442380611,104.973837491484,1.38303260757881,134.891007216726
0.275772562745014,0,0.545969418991779,49.9014748155709,0.841844197852898,93.3762486459823,1.19929114641435,153.75846023247
0.441508402120917,0,0.808314317746219,40.4209764396173,1.06592191361634,92.768017385685,0.695248405323666,133.499353666614
0.395917999428225,0,0.577951095665707,41.5795156037158,0.671377578161021,98.2913958618228,1.39707275740822,154.052381938236
0.405282872606409,0,0.561994959855766,43.9537160373558,0.787168584479137,91.4102328385447,0.432402818475908,166.259042687902
0.558362100447581,0,0.944415137536422,42.5335726145563,0.931192083205985,100.428778748826,1.16133417853935,157.381075706809
0.425622723016133,0,0.606923347229103,38.8181852584109,0.780622979446795,110.031478407998,0.787779863437067,123.088697285527
0.371087626129532,0,1.09305828760091,44.9396919395661,1.02401116741735,95.1820327682664,1.03365132870346,158.660974745366
0.357211102238936,0,0.664552817286205,48.3138562337133,0.883360282762444,107.957257162504,1.28198496324517,145.608592122967
0.33061908497659,0,0.872619926747268,47.4529218319773,0.822475267371327,81.1010036667615,1.63730420922807,139.970082213841
0.424904595191466,0,0.519161304521671,46.9747533218292,0.74374211066095,95.6989583792707,1.27977279569697,143.748829522635
0.526725312331596,0,0.665118342744646,53.8092980465508,0.881080443589117,89.5171164833894,0.695823976638985,136.398874709695
0.515681060131281,0,0.593916922509704,49.1910859658607,0.718931689968193,95.0205669319761,1.375178910466,147.906886519167
0.450441270016839,0,0.769815929489157,49.6954294639185,0.841961734930957,92.6541735391117,1.3017883847964,137.714187161801
0.444487171430317,0,0.918519544225255,45.152014141139,0.905725441077616,101.547193732375,1.99540440144741,140.51236717398
0.403808980201343,0,0.648598935140885,53.8013166534414,0.876712084739905,91.5263930383823,0.554382770889165,140.264714301951
0.64578313720728,0,0.700643871069078,46.7800634036676,0.57302093669597,82.0462963816937,2.13608568660118,150.240596641517
0.409452562347352,0,0.697463570405058,54.3282315366947,0.716854251979797,87.8021506848163,1.30285197874594,140.046773800877
0.394367958097542,0,0.744660432400651,49.3568364854182,0.80749069967329,88.2213571911834,0.977213113499867,119.893180830196
0.425493206765417,0,0.706367234837918,45.2630193325419,0.972406462843673,90.9275373395223,1.00845228054544,139.226245755036
0.422801463101019,0,0.944621089894884,37.9171524301691,0.70792744047651,100.077436855144,0.579975906089073,145.614654583456
0.409014927345121,0,0.612805837109537,44.4524739712602,0.782146225131536,103.937207127743,1.01549885165718,124.400945056431
0.454139281638271,0,0.644638891661452,41.1038053405601,0.57131806017318,87.9810696922183,1.57414970089324,164.439569708565
0.271990027553225,0,0.532837457639754,42.0948172693219,0.806048066213973,98.5688576950618,1.50009216736191,148.167430608212
0.460499993834137,0,0.610943210762621,47.1172250846137,0.778099392064914,82.5073669930503,1.1490748695865,116.832629569228
0.395868833289068,0,0.792678083243001,43.1495378052821,0.660722967017061,100.042150988533,0.778204810697064,154.535678371924
0.353902286906994,0,0.819032010883492,41.9423398603532,0.867928537937274,86.8199079669721,1.26348843609312,150.539828981057
0.342144697700747,0,0.429352389907142,44.0214370190191,0.830016447779868,108.424591318028,1.63724734504531,151.681513604132
0.30856131552344,0,0.596398902005933,46.3857491615692,0.783019647521938,97.7633298289519,1.12385863742222,155.316888134981
0.350647446207196,0,0.694255106997192,52.7680900158556,0.892738116883191,103.605129516776,1.33469083179174,121.165504988804
0.294936483255553,0,0.527818443719807,44.2239278207905,0.997706219597329,92.5162385489309,1.74498846118194,143.758455206119
0.551879261222072,0,0.652303987016827,42.2322808561779,1.42157012145206,112.316106383325,1.37631901873103,155.95670056161
0.421370946261329,0,0.827229849766667,47.6468814323434,0.805893798815014,88.7968871405226,0.998105915514023,135.268316633502
0.547005442399655,0,0.717407314447153,47.2165553093819,1.00691768336207,94.0700735801046,1.23446756809762,150.686693916615
0.539154962403717,0,0.686254030237492,43.0477245916942,0.663062749343901,89.0853582361683,0.768828919061457,140.293820433166
0.336189958587312,0,0.497757201581753,51.5787630918109,0.874786270482986,87.7299257476725,1.86607945743669,147.991036158045
0.468065499258811,0,0.682297014366063,39.1488505529285,0.746261383390965,93.0664307131985,0.981262420778953,140.028861013613
0.413201988310816,0,0.802255793283574,45.6088826294496,0.765561775067661,90.7727892082716,0.865769822608593,141.167662219054
0.505771530398573,0,0.732722376577153,38.9725918212892,1.2516953606913,90.9946062213659,0.801914760737862,123.076059343616
0.435070853483008,0,0.484657506409051,40.6930020151816,1.03145924281717,97.973016307291,2.23784236493264,132.980235873796
0.314139481135461,0,1.2745889638236,47.7118963850702,0.813030001765316,106.008105963891,0.74386856613544,139.474478470016
0.404951189958514,0,0.478830882212437,47.0357307261559,0.920196160928772,85.5725067943586,0.804368564166827,152.170390333592
0.48239486188688,0,0.672350100726345,49.6520992701841,0.864258994085596,87.0694074565276,1.00945559770271,129.242287060355
0.265406989985049,0,0.869303390376467,49.5137932786492,0.755952287081338,93.7336084268989,1.21728590920838,151.55072237359
0.494065277636599,0,0.962428655163525,47.1635695688543,0.912778391129988,96.3179565752155,1.17118401262224,136.568097237204
0.4748264746893,0,0.574393327653691,42.1018656671621,0.848208435416776,103.799550859389,1.1681607966228,136.619001883971
0.39315311199286,0,0.883978455069015,48.4294355418111,1.09519610493856,96.5017832960824,1.4962732025939,144.924318350276
0.368600273377908,0,0.777652425781768,45.1136506867906,0.769647268179998,86.5416902597818,1.07978588349773,139.214628326927
0.254002789574224,0,0.697533131546108,52.3929226806204,0.762536226410814,103.869830259229,0.994293560682628,151.903808901975
0.351876138840973,0,0.670412566140402,42.7472683245044,0.954566803911483,100.96081791339,1.19477004343798,154.386767013466
0.435239068464142,0,0.765441058772877,41.3138809370349,0.745537255857486,90.7705451948555,1.22121334554034,132.531965597115
0.452364879597476,0,0.60870973901203,49.9016786030505,0.869411515778177,98.7762842799585,0.862007292333746,159.880942690418
0.316695663896404,0,0.753634161332241,51.3478609170771,0.755718632626957,82.3912769369561,1.48182742432517,128.648887129967
0.365364698067287,0,0.518877650752432,50.4391263385275,0.800629623939467,82.8035584369269,0.912318457480763,149.885851551571
0.421573895846687,0,0.407178900846805,43.9815930142212,1.02501101064997,98.6032341194337,1.23209317000828,142.626572690911
0.471921388128062,0,0.731885642456874,45.9641932970528,0.619173466953799,82.4887780232478,1.35787845136256,161.534098793831
0.333698119776774,0,0.551892154113222,47.9087477010672,0.791730640342668,94.7022431709338,1.26574118524027,130.331340475874
0.46315161151302,0,0.510034944092459,50.9803538785332,1.00066704325555,87.8227158545282,0.924940715082782,134.67883079939
0.307390242325565,0,0.397704922069154,44.8558411690708,1.06440096449126,76.8132908597063,0.523558640233816,144.925434910385
0.434445580893015,0,0.771347049869577,45.4281990279757,0.863159715476804,93.7571820737854,1.0997020973613,144.977839420276
0.494776398182316,0,0.770412888437247,46.4301757542254,0.774000661510994,78.1617618142101,0.897024030924533,138.226772147206
0.275448949274437,0,0.61104493642299,42.9841348581581,0.960763843131936,88.2191511542719,1.16662519707472,147.726371934337
0.414941052074603,0,0.566624325270611,40.8324854490935,0.744632272838115,87.3799635409644,0.762262673291736,131.196737572571
0.527945681321219,0,0.681150775634413,47.8231606159505,0.959678906406397,100.215163918566,0.871619356137349,157.861321383094
0.384584274154872,0,0.485467409301043,43.8668811171534,0.910848688624447,102.414343819613,1.04158438517713,144.695366964807
0.327578164712454,0,0.656465449224329,41.7534659330068,0.818935388407812,94.0860698137337,1.21503060104686,132.893780690025
0.473808080641528,0,0.702756098531106,45.1059657086652,1.10883027530469,103.835251870969,0.682939051511189,160.781584650202
0.408770353426439,0,0.527907849393782,46.1246941579636,0.951730845636458,105.963166461736,1.37316547967756,162.116009091664
0.254398264626432,0,0.641907651475562,48.5330755501263,0.904651481133966,95.4347078231527,0.81257092843281,146.645755097172
0.539726469770792,0,1.11409400047086,47.0776979007313,0.927808690849725,102.375079966142,0.799551587030066,143.705403584467
0.370945699959498,0,0.902684929923271,44.3265781507681,0.99630947449941,102.841404921839,1.15873826673617,145.535622747498
0.280913504000129,0,0.948983875567095,49.4615993566149,0.749460473411045,96.483233156359,1.07403927170398,132.620555050585
0.351102924467209,0,0.582916005870505,47.6588382621045,0.838378111621683,90.1285757131097,1.2203931170756,148.824750867829
0.312779886566629,0,0.437732012654144,47.8738807270482,0.72884024560253,95.5902123821284,1.45214946365173,116.130977212234
0.366118388156261,0,0.401952044933905,47.6276552720799,0.705245944328152,104.711958885966,0.711954609387496,158.166568665382
0.410169712397145,0,0.836534067629424,44.9193824252036,1.0397961125732,100.774826099807,1.12929270815464,143.211610215011
0.360400682264432,0,0.369931676487402,41.9006548220777,1.03321120790232,90.6356537078117,0.753783894326786,158.587256546638
0.416869428987564,0,0.468917027855533,50.7566868017227,0.819342766689986,87.3012555553282,0.872178249600253,150.397463850261
0.391538096972509,0,0.618199123287818,41.4341552543329,0.829987832081178,92.0550309995929,0.926217769807242,157.632139020038
0.516462181263269,0,0.869983604025504,45.3795551931088,0.84559573269019,88.4424762337851,0.74999948327426,138.165293033785
0.530726145603766,0,0.468574360831878,45.3307235776882,0.871992301198328,87.4548922864154,0.642268629191248,127.752272437314
0.318132620342209,0,0.628077787229063,47.8186305760004,0.779639549051935,93.5836523377279,1.41681251398933,140.258935678207
0.430164229618236,0,0.703507365997317,42.5675343894059,0.821036130546956,82.0891932007813,1.10838254523608,134.284957055343
0.389529513518147,0,0.537056351165173,43.6104753813243,1.06848855023387,99.0010231364223,1.26082749900603,133.456107006831
0.452753904995346,0,0.428707205128885,40.4870128012503,0.843393714488427,88.4993711573952,2.12024782915591,145.194046360495
0.391085098666311,0,0.721560355290937,47.6299422058529,0.738726587590365,91.7166154468228,0.830032992563055,161.322811300834
0.329094818000172,0,0.554784610356966,45.697702460643,1.12517435885388,92.9281761354658,0.796702157490238,137.500922790206
0.424545203568147,0,1.20094604798117,43.4332957662496,0.875544163249626,110.473807760963,1.02334228558895,149.718963254327
0.396097807514386,0,0.554659007110738,49.1437364005857,0.946173110191635,89.0552793363707,0.880936844238034,141.029832922823
0.486911048450266,0,1.38760827283499,47.5388779170258,0.93159012645399,89.9006121887349,1.44375650976506,158.550138576492
0.498312168292014,0,0.597357890038469,46.9002376344889,0.595172350050164,80.9548525963464,1.21605553204904,155.959786025409
0.365175038872798,0,0.647206979530468,51.4908649210395,1.04263162932987,101.286600377942,1.17037358336909,127.435636298173
0.501810075066666,0,0.750682105211762,44.4863471547738,1.030584698147,93.311468804268,1.01040204140545,164.86838907091
0.402208801967088,0,0.453757740338668,44.8824754986288,0.966567287090772,95.5834233713346,1.32736742307745,141.351316770585
0.494583554507947,0,0.866917868376953,45.7661022216601,0.764851407405448,84.0335069304848,1.51819646083454,148.94631601502
0.45478400971197,0,0.677373479306064,48.8512680744218,0.961669159345065,98.6268564913427,1.30983766172849,122.36566822021
0.483321332830438,0,1.32782117367286,41.0635104814106,0.845829589123761,103.649454715829,1.71804693749047,143.61259982817
0.379680609797103,0,0.781652344489033,39.5578971020947,0.794530930259924,98.4384777413054,1.37299936162871,147.703950683151
0.251333475439614,0,0.787558486803781,49.3336705008917,1.03004576252485,104.868387995984,1.06485755943143,138.227237339751
0.349196332415411,0,0.646979037506522,50.9823412766996,0.894016844368997,91.4766033193956,1.06723507842585,165.445697750053
0.362028940164687,0,0.539189608818749,47.6373237863311,0.909188018947908,84.0721573188955,1.13768806189018,131.269428931418
0.490104375348847,0,0.80406137640388,45.9462584446874,0.650055906397062,102.175525764565,0.788805614963116,138.003519099435
0.627321537060483,0,0.714989657908274,43.437129687829,0.935759768280434,81.0757185579128,1.10381732321442,142.775500584989
0.342830280007726,0,0.515314441667096,46.5771312923007,0.807806449498297,106.808719649133,1.93171265871126,140.690105906748
0.438812109855324,0,0.738170036376495,46.6040514146246,0.884595982091116,95.0481139789707,0.688493661809025,141.489773388605
0.350070323506828,0,0.701270646042614,45.5064356878253,0.787243476733243,91.9628667542112,1.14019360286344,128.836793481115
0.419193924490091,0,0.568232002446186,43.6978940169929,0.878596800015259,88.9977783197349,0.920039252223139,120.369814025847
0.388937862544399,0,0.897166120007133,39.4697814822411,0.811710839905024,101.22328395963,0.859525280579269,147.857469540726
0.458876512945266,0,0.581993761438263,39.0251272317977,0.825513411062588,91.7475174336809,0.658133419383153,118.854892165685
0.368848959615387,0,1.07332885736465,43.0936501822059,0.878239450178686,88.7977720455749,0.588323337330219,144.132497259379
0.490942253044886,0,0.941118583687916,46.3020360006059,0.997149787414993,84.4421925490674,0.993358658737144,132.697476552515
0.424086068684953,0,0.620058869722125,46.007078490725,0.939411392683393,106.285482991977,1.54485519257035,139.310016034142
0.51607924936902,0,0.533028565260601,38.2603581035717,0.845599198086991,82.9999046058344,1.12711746023653,146.97444947104
0.368427034247464,0,0.547196856802906,38.040373641965,0.790439123266623,91.8201174805195,1.44143624818579,159.484562936199
0.531775235685573,0,0.398231224420484,42.8940484762882,0.917767667909789,91.0247669269502,1.86139281176185,126.265728129273
0.380966492142647,0,0.479578760397005,39.2340176945309,0.653865110508535,106.682092736505,1.39842405881996,162.591204312588
0.346400013023856,0,0.75134923891191,42.7044026412771,0.812826445422576,103.902417652785,0.820973235993529,145.439498945187
0.343946306354565,0,0.549852072889313,38.6899332662812,0.822337275297484,98.2625457285254,1.09379994524248,129.604958984359
0.539200905597291,0,0.786830416920194,39.5185797261061,0.992544409566165,107.435412187746,0.908792423011028,141.19929462426
0.342337607896705,0,1.02850615979023,44.9757672278373,0.837507405366319,99.7220605767648,0.765749802307911,118.375349147473
0.378036159473656,0,0.544947868773572,45.460707012206,0.866958998884455,97.2698976078434,1.09215860509863,155.343061783083
0.339401501097314,0,0.839853266026182,45.2724842779696,0.737864257186437,92.0114929964457,2.31908468038474,134.654788483742
0.263443846192046,0,0.485284488199224,41.5300613660958,1.08689510757082,96.683430184928,0.882265498908736,149.526851345998
0.504490181216046,0,0.691850109681995,43.4937248270046,0.734904507547001,100.497134528239,1.43325800548009,158.760340805498
0.362860793754313,0,0.53311982288919,39.4800364063116,0.967964320655269,90.6572502434889,1.58134833737443,164.98508832976
0.441249566943304,0,0.88322487677108,46.3705989876939,1.15504169684978,98.8161653167556,1.23971302365388,150.920533826969
0.518392122074648,0,0.80050902968926,53.080245566115,1.01609286066134,102.792812043937,1.33693151716096,161.941876213842
0.479024269194328,0,1.02272978016423,37.026667987473,0.72312169007764,84.4035078798441,1.33770331970399,122.932138676719
0.483265261704658,0,0.792022751172358,42.77896858388,0.812562310622655,96.6852623481179,0.928375000459499,143.384427037007
0.348945802381023,0,0.707812186720868,41.6307597559175,0.881850889393241,87.7477110824364,1.21325640304568,120.124865948651
0.318707924267609,0,0.64852171079406,46.9564626299348,0.943594755964222,87.7825894751538,0.846830541251041,139.515186439868
0.377236833172204,0,0.392214896209925,43.9769224036606,1.01511628647822,92.5178286383327,1.79466122600263,149.86559649273
0.400109522092103,0,1.11944192634912,48.5261398042698,0.958317399845098,107.087539336376,2.00445697681412,129.672951113791
0.519452905927506,0,0.701401497722819,49.0058395359603,0.981045389366235,100.094202526408,1.09964387763714,156.489963933256
0.293664146422749,0,0.555622355180551,40.2631947738258,1.11474450894385,93.6400626190604,1.0393228443767,127.893621852211
0.3545288683606,0,0.767496250664533,45.4450007252872,0.977764691524398,106.22794043695,0.986026497072455,144.210771633863
0.283864737104328,0,0.49224652478645,45.4150825610712,0.891587225818478,102.162857954455,1.16181443676273,155.280406742529
0.385682812254599,0,0.690087047330011,49.8464897457592,0.956491723635513,98.6341039161713,0.456219127435826,151.400078978792
0.531715749624109,0,0.587833592199349,41.2365750174329,0.772373927902171,100.561634094729,0.770550241293847,145.726486842341
0.283525403249649,0,0.519197539882701,43.5496741994477,0.983045499274682,78.4583635941497,0.771628214464831,149.948838002157
0.407700482490912,0,0.570700289052048,50.2719960295329,0.891533885287563,98.2333023178251,1.04758059647968,125.013201481827
0.386740718433672,0,0.851937884623371,49.5742505037646,0.792564771423517,91.671089175513,1.4286029728482,139.231945199511
0.32795647300147,0,0.70133964110796,49.2492233618685,0.983130060613445,84.3893713575238,2.26294564717173,123.847258665511
0.367147904086548,0,0.873497431249842,49.7938703631331,0.678548379872648,95.6259914776883,1.01491991673099,116.246677799883
0.342702648410283,0,0.726668925186136,45.2502239773702,0.884766111032695,93.9385734793564,1.06400343788915,167.25520741275
0.318457107143471,0,0.574063831781696,45.4451240037127,0.759405627065008,85.4862052300611,1.25058862125575,165.52881250052
0.603831811741467,0,0.740968552024888,44.3853219801729,0.9604172483704,89.4778168916962,0.951784974076773,131.248570136658
0.337120479893303,0,1.19099472966669,44.4003996507804,0.996508721437356,95.1472968893473,0.779401642241404,131.06568250568
0.400610045747664,0,0.736462456945542,47.2785233487681,0.81518525846176,94.7429985304733,1.23776720963205,160.691098749836
0.291285102515773,0,0.782549786341902,45.6900189057429,0.865830761892552,100.17421676133,1.04164862311316,130.010400287876
0.307648901822212,0,0.781011533865338,47.733568981836,1.01232193678383,89.0731671271011,1.1884550050315,141.298157265161
0.333367405163202,0,1.42262130865113,48.8422923791567,1.04467070233517,97.8034436932912,1.51126443862528,151.559321753332
0.358268678015292,0,1.65531989872115,51.019102207874,1.08186799502509,104.506623736001,0.617126733632343,122.608934385668
0.43615999210052,0,0.642735860622488,47.2203678045075,0.822913858644234,95.3830165918892,1.55088347046502,169.369596775708
0.441466327896816,0,0.667977119169593,52.7943515101842,0.748826041994637,92.2796264631764,1.16120692641191,152.758701485803
0.546949695974963,0,1.00184683524396,44.8606473194681,0.781255053451151,95.648751512204,1.12551856729127,157.83358210547
0.49376074246621,0,0.441411343063865,45.8390877488541,1.02671256507885,90.1035870349119,0.973971328335828,124.262285167648
0.396629681471539,0,0.827034355926156,45.5727534228493,0.788910379617389,93.2787924934929,1.28298477888083,137.90173641794
0.539931789570297,0,0.537195091188901,46.3197401642292,1.14702851644807,92.0465009470689,1.13429283867468,138.431422932973
0.481232729797702,0,1.51436201442626,50.313303248603,0.877005504737791,94.064171328149,0.843038184967944,168.555865062326
0.361408143297212,0,0.612563674426091,45.558671925442,0.884741720757705,103.169177073365,1.40265939695128,118.123134081099
0.174509959364701,0,0.577213303067763,38.2857366758557,1.13185546360895,100.352667445243,0.964196522050787,128.967270266562
0.400105201994072,0,0.414310270725757,45.4444668226778,0.723408642730892,91.540727780432,0.410290100563197,141.284095635333
0.380716029455958,0,0.816910709524971,48.177708570188,0.803176160764355,94.3277690482364,1.18218430776381,148.015843172142
0.401546546960505,0,0.553565949051515,45.7218824601714,1.09641449807852,110.755756992573,0.685422590063501,146.037930208567
0.448815310827862,0,1.06651789571394,43.9674514950372,0.94902899229951,91.925468075213,1.03002946899795,132.408491760715
0.45661035279038,0,0.59752612276681,38.9107027958616,0.803251360554565,86.2758540467308,1.10251257698952,145.047572135011
0.317325220737251,0,0.523628666900542,43.4605521080283,0.929388869093266,96.9697312590116,0.985456269438492,168.07226249038
0.429574588653471,0,0.934757360547119,40.344109117657,0.883554575108904,99.3450193423686,0.800196876647153,149.755307318055
0.403230811534019,0,0.613989250560791,45.2229113525725,0.766966313460332,101.622900052809,1.14981468278395,144.282572706003
0.452553120281495,0,0.814824176100249,40.2533305158228,0.946837135268485,82.975084335115,1.20057760570138,144.83978936937
0.321494343673496,0,0.844885385908858,47.6988076215634,0.975855516180524,90.5357412995351,0.851986560032982,142.593484905722
0.329939290451341,0,0.797672376843716,50.9493028638925,0.515684298311811,93.9644445680275,0.526280978007989,150.651272674653
0.322953788664195,0,0.379310220768565,45.2904821662764,0.958797885253642,89.2079698947545,1.09959184274951,164.105886973544
0.398751423777689,0,0.671086261781903,49.7132025226381,1.01865211467338,102.802366212942,1.51160093955722,137.208919233605
0.422464284621972,0,0.527878247279049,46.6317748786765,0.919792535771883,94.4806782524071,1.67781537513168,143.467798107551
0.514047783829053,0,0.597487209314981,44.3697383347649,0.838495115028917,92.8500905626374,0.802996850855518,145.655243362129
0.357099574932796,0,0.437485644363106,50.0345020276938,0.738929908647092,108.795168179895,1.20281436417267,118.771238675834
0.499666932640876,0,0.647640694035105,50.0748887508926,1.14587835796856,91.081032966954,0.673465036450666,137.417474923952
0.436496056622266,0,0.806914992858562,44.1545221170958,1.1334549476116,97.1861768506167,0.86523357433521,128.598751485836
0.402466658820263,0,0.51286005853226,44.6538837587194,0.697439767263276,95.2311371669733,1.14202058652241,139.765940387319
0.391098540597531,0,0.722037773754731,48.7470469715013,0.832809382242226,97.5644390831586,0.739453725007244,125.791764408858
0.448773273044233,0,0.679508786693529,50.5352606907796,0.900344890448536,93.6870082617791,1.50939486493183,147.470003227697
0.330489646350099,0,1.02824638408568,50.2381903391146,0.914828792699881,91.438988766522,0.804097476420199,145.474607909825
0.565365638809676,0,0.833869190458515,48.0876214372223,0.546859870895632,99.9753088370905,1.45640271308683,141.188385880527
0.533963928096046,0,0.705300286775685,45.3385363395833,0.766321418518771,95.5845217782741,0.771963780877337,140.29173327324
0.451100972270363,0,0.277688055296287,40.0247174590503,1.03579575923921,81.2224899262703,1.31419367806487,147.957609201613
0.306603534971974,0,0.873745719599513,45.8431404369053,0.9784042135002,103.981583465276,0.647499741175033,151.027095662012
0.325597579010801,0,0.414625368465522,46.4267407553349,0.875223086633678,103.185360796205,0.748049786024742,121.149561475089
0.306602863355444,0,0.56507686863852,43.0160869725741,0.865270417774758,94.0802309268109,1.03432379559328,140.209203577383
0.247193197248323,0,0.725289534699551,46.9379739818223,0.908217218782257,93.1948067112545,0.756417867454323,142.351278889058
0.468905854015886,0,0.595345673578953,48.4621748447879,0.642245661512723,90.9966787801108,1.31335935000943,144.458123965019
0.339323856925089,0,0.695617443622839,43.7386750231446,1.04166897524771,88.1083404665897,1.06617858853586,128.173871438449
0.394414300279838,0,0.424183587293938,44.293953560958,0.800800150837217,80.2505050065966,1.11990023321701,119.023966968666
0.408338403276015,0,0.815627512402874,39.6161698425102,0.880086023814737,91.3831916714541,1.16002020415036,133.922079266462
0.322149301308389,0,0.374787365560005,45.7490641036285,1.1221533797873,87.7428186309444,1.18833807746742,133.995220880643
0.559258325111163,0,1.11228722186094,47.9682567686543,0.924472315663647,108.393737889753,1.43935910418014,128.663982253741
0.487756456966018,0,0.53644093519171,46.7600641552784,1.06830040471205,105.308967214269,0.667026709605059,155.564106424109
0.383846435815466,0,0.477252959721867,44.9763680972038,1.07789986564112,83.0827803187264,0.976984293293817,150.3217313911
0.322873009510338,0,0.39645445256423,41.3902066573098,1.01481552655026,93.0353986549261,0.873375082172411,132.505835126487
0.404635913812396,0,0.30218457548353,47.2628156224769,1.20616571820658,100.698521088083,0.991664403649662,140.518122162939
0.394591771684247,0,0.475088215915155,41.5215781328145,0.957409358638686,102.740019563918,1.3723642207799,135.726984621195
0.376431477317665,0,0.714164468355899,47.9731024281503,0.986296830679212,92.5649633037878,1.18928175494482,166.449907874415
0.421419401197887,0,0.742424123761974,38.7091983531572,0.815408767002779,91.474751660317,1.02022819671259,122.399380182693
0.449366673335838,0,0.725085557017583,47.6965038430039,0.904969459164286,101.158728101059,1.45738364096673,149.610913615741
0.621661404805971,0,0.527158240105008,41.6055045260542,0.816017834896285,92.0512338923354,1.0257033804742,131.276881060075
0.525507563395856,0,0.725353105777916,44.6215638733764,0.934124948943004,93.4640260513951,0.972972745358034,155.312255154755
0.357532061009722,0,0.723337963578714,44.8908911261692,0.873521224536898,94.9602788992838,0.976251139311785,142.505566762909
0.447542590075237,0,0.46743492312835,51.7002177674861,1.18363467365122,81.4629219854809,0.800562357565886,149.267184480868
0.379755415288268,0,0.8040405180504,51.6495394712853,0.765760314171423,97.8143706735746,0.694477722336854,142.227649747283
0.418740276549618,0,1.03888166638924,49.5451080835117,0.960999370305131,93.0545243067365,1.057407125174,137.845947404819
0.35023310363673,0,0.45009966829903,50.5835421215218,0.983982485087603,96.1659131190838,1.01512696805679,152.918071720525
0.502058782646643,0,0.560295145151282,47.5083163544319,0.802236332546834,91.1312714833885,0.960966789559658,143.581419613035
0.503868370811001,0,0.670598498620414,40.8411419151404,1.0422572099988,97.2994304366994,1.22771820634057,142.937618713582
0.347505948044659,0,0.924030953438571,50.8353362567609,0.714404028920175,85.9991829375404,0.6372742142532,121.128491997362
0.370601547095839,0,0.610578232547271,48.0524038139482,0.819162159724348,81.2790669966589,1.14934161158655,137.371168488039
0.280273504080701,0,0.986747596784489,45.7745417182516,1.00703923927603,94.2229539269425,0.916699593615061,153.695715017425
0.314557598261294,0,0.676869337753154,46.5399800967808,1.02128831789391,100.190783387984,1.35154704727894,132.067524035861
0.440655766033461,0,0.618268934421871,38.8372027744931,1.12199716361179,82.7533760735796,0.672612135892966,153.549860366586
0.4056105185129,0,0.320823600296297,47.7381647145931,0.626212096537399,101.997678037677,1.72467822523377,133.572061836694
0.397609876296244,0,0.641865468151043,38.7079530115751,0.529735062658113,94.6400724896758,0.937013767359221,146.542483938402
0.52717161740198,0,0.738626704177126,43.6971868159892,0.956846616611329,86.5759201246,1.01596989684037,141.280144115475
0.393895580539171,0,0.361251660510316,46.3549831194537,0.801528548433905,90.805006562906,1.43639565160945,140.121785724913
0.559646797768074,0,0.719545597134912,48.4060284731222,1.25838609528994,98.9316224329787,1.32366623569419,128.900408773247
0.435828647478647,0,0.857173527132184,51.1942786475191,0.679749033154621,98.2169097625712,1.13889313254514,124.26407022728
0.343223293053834,0,1.02123161274937,42.5753682161205,0.822726197985332,78.4293248523887,1.0852881368003,129.990939794039
0.387552172962389,0,0.637249916897799,48.8203178400163,0.907446668327799,87.4484821041884,2.6433317898741,126.901656508596
0.308944091800279,0,0.859591839489452,44.7399594675404,0.792578942793029,98.964169494888,1.15979885916294,150.761492953939
0.461683254323224,0,0.613301877522531,38.4831624952938,1.12118138797541,98.2063140923304,1.02242107472037,144.838147351943
0.29094300600079,0,0.632620077652872,46.4577412335408,0.916372310663213,110.826079805346,2.02529103618847,141.427889486997
0.345232761879663,0,0.758762192114319,44.0396629010398,0.697879848091699,97.9022514031963,1.10126818434609,133.163203449226
0.50617170271058,0,0.770013441118641,48.3279726437919,0.624936666165584,78.6430557449334,1.26653053703161,136.685711521996
0.349252566790799,0,0.49160465217031,52.2619536952145,0.890715043462851,97.6737655003923,1.21354546124847,159.362802890622
0.424493918175489,0,0.81990191812698,49.6099040353126,0.806922520442586,97.9460180161682,0.955683080597414,142.116298081619
0.385848955464297,0,0.767969310433004,45.0395575765857,1.12778387818494,110.270810354679,1.76868659509647,132.176576599034
0.402555272206705,0,0.627014722551052,45.5092968074426,0.884617156564192,79.826091872565,0.750545122511657,144.422216623893
0.405402986191242,0,0.729346131233782,47.0448167076335,0.579807765041205,103.649104534424,0.552977220593577,136.131411738735
0.358831535135095,0,0.33967724837715,44.4580286853195,0.880460102791784,96.049430231183,0.913885354847088,140.167987547206
0.408107757089457,0,0.730851809368498,38.4409363024529,0.854756825843106,96.1836991290168,1.14042893812235,155.937730182791
0.468825760710252,0,0.738600329830411,44.039149731934,0.957325997400599,99.0471049077306,1.16340631717974,149.991639601141
0.33664471474756,0,0.77008992543511,50.1440248273067,0.847223151525933,91.1153529191988,1.14790063472653,127.803829227675
0.446605451906579,0,0.449173161927888,47.3885507467776,0.79933813765848,92.4718472692904,0.695640718436595,142.656810491232
0.342989896763216,0,0.969132724187902,42.7196003026427,0.859520948383813,84.9303215456836,1.31844241161377,135.204580402445
0.596887677609332,0,0.380034822854772,43.9449241299917,1.05045999000247,86.1686101167708,1.18221071895282,150.39206784005
0.409240132394115,0,0.466749138496536,48.3762952631432,0.831182903261516,89.3368094031326,0.912751353548891,123.923986904057
0.486097938631915,0,0.420701805589731,46.7220873544692,0.855609733380857,98.0087449238373,1.206558030974,128.403314970637
0.489492404809806,0,0.726689953237383,45.3207922480281,0.971487783686143,90.9593479839811,1.03313132269719,138.646250346773
0.396258009676373,0,0.493883772226969,46.5894884174617,1.1525912942582,84.6605029334883,0.866731830568455,163.806496666695
0.495213336632709,0,0.846164426400571,49.2795374226,0.70804431761519,101.888744653047,1.3477374773252,117.29648055167
0.332521591929943,0,0.44038912188401,47.6592209694935,0.942323327736228,100.803059471152,1.06341486857982,124.215944489148
0.458929895731507,0,0.693353409813723,43.8454139036108,1.12303125906511,96.6670412826803,1.09610078697405,144.513379490056
0.35696698937109,0,0.919550262414271,42.3499747081013,1.02188529854828,105.245450309564,1.33174795301084,122.724383554048
0.197246184232834,0,0.725960555640279,51.3842165058246,0.862414647173757,82.4008031813757,1.21212223888328,154.084063653441
0.501681320480838,0,1.29547844605524,48.131449517443,1.05978088652138,102.264333484625,1.15052682418044,117.828786773086
0.371060407510442,0,0.765176442668434,47.8924781662576,0.839548347749526,101.409166720755,0.719684248045021,150.63684467561
0.489442952945091,0,0.684406680007662,48.78645200701,0.86890870277498,94.0341911763826,1.11911196244364,143.760558739219
0.373261472264667,0,0.904640485276462,45.3019494345333,1.07531733436417,103.555564923291,0.931452663019793,146.807282707747
0.433792342618326,0,0.571589293422817,48.3178589481921,0.923074961137417,99.8459553514469,0.791209671949762,144.811539736027
0.402393160076899,0,0.725128874077228,45.4602398923596,0.783442346194075,79.3934618398182,1.2428557455839,140.431841954766
0.438816091277281,0,0.536279497866148,43.3347156475021,0.68305745653596,80.3423844625724,1.04415442139867,145.752331937079
0.374577259911371,0,0.641266157418167,44.6983782332569,1.03754997749015,101.582482712922,1.41434397342975,147.266945752719
0.396647261408486,0,0.634251978975311,46.4445575272659,1.12732259240667,100.423048682724,1.28142922087259,160.412525408587
0.408461177178041,0,0.444568079452317,39.9073582941664,0.778907477226244,92.333429111384,1.35410223098212,142.636718162871
0.413697549157667,0,0.65790844308525,46.6554275540445,1.06200056043079,90.5971875347325,1.09547926206626,132.258738355872
0.427583992175046,0,0.564988283300113,40.7015770797163,0.8543714287801,93.1366915776935,1.04798865241715,139.222365347385
0.327598813472968,0,0.740684555352473,45.501644538536,0.72493319709812,103.820029398659,0.413151826970784,158.434100015659
0.411955610936246,0,0.67218513030484,41.1572171090931,1.16625045675356,90.2625026904079,1.39193214817709,138.999279759797
0.299165714273826,0,0.583982784733447,46.55426548587,0.707250882093489,109.040066778775,0.676912509497686,158.209856953352
0.366586750818974,0,1.17509644251901,48.5493784159059,0.688094529120787,90.3064700250048,0.560396672131349,143.161335867788
0.407016569396705,0,0.679408454344544,41.2891049133212,0.975863677249965,105.475869385248,1.05419435243357,140.587447369176
0.388455133863327,0,0.500210994415138,37.6422147531639,1.08806714185031,92.3069550013443,1.42891670796754,154.289425749967
0.409119436372064,0,1.27438557250341,42.489777500963,0.925733609206183,87.9627610019987,0.850143136085684,118.777241921049
0.43437217871088,0,0.637955570557883,47.8611295483188,0.907461434926713,95.3020174857619,0.717586079296396,145.893742663606
0.350590333865392,0,0.475699363744829,46.1755768815895,0.780750374552689,105.350305130007,1.01404539502412,158.554680194279
0.617269787296917,0,1.25922353794611,48.0377038773501,0.846353012130092,95.6361948899183,1.35878269665069,147.185758751399
0.47267362119397,0,1.12502423011269,46.4194159175169,0.773978708956872,86.4555394702356,0.814046902029253,145.800591641153
0.652671089179277,0,0.502407759724804,40.0408909208115,0.834900966199558,92.2360097278148,0.761731604176912,155.502072737683
0.392678152789842,0,0.631000083093566,42.7719930422092,0.755104105517292,110.987197313145,1.62065715267825,136.817243040941
0.480454526441807,0,0.810979005426445,46.8526314159082,0.884178244875724,99.5607691262064,1.39857271156747,143.62990459168
0.375025293576928,0,0.754570123410158,52.2211575639312,0.841860200002789,91.8648454075045,2.35854353849655,145.933270994829
0.496894320259102,0,0.932241839774796,47.4853307006444,1.04398912968348,96.6973129115183,1.10777772521476,148.591768230053
0.289332176179281,0,0.9329705576323,47.0385727000264,0.830967095444455,109.107436103996,0.957562390759086,158.993342022427
0.436740914841049,0,0.980960848213507,48.770531346886,0.649942324556615,109.736890145355,1.90184565520966,123.460891544147
0.571171363059103,0,0.6166567278487,44.1651668700642,0.985280176699592,95.020978668066,0.810821774395748,151.381869236298
0.495040114593611,0,0.640956413712407,50.1620425251631,0.967991792812174,88.4554997580857,0.838280142637428,148.268318847674
0.280453821313108,0,0.559496287325516,41.6512943261619,0.92592912451603,85.4098927682468,1.10067965987833,124.581688930204
0.33221700253367,0,0.388569033207163,42.822319472868,0.913297523517338,92.3313547530802,0.966266700198699,135.61704189961
0.474782717674459,0,0.559766266281594,43.9807651893051,0.861337184248123,88.0613838235792,0.851447300077804,132.601357759225
0.373297300637341,0,0.5765571922212,46.3343745846252,0.853062711519131,104.876006976882,0.913496034008167,138.29366112466
0.291741113389563,0,0.626592767471216,45.1445688211983,0.97826693292737,90.9065292308347,1.19712531453689,144.49513015274
0.377439646780799,0,0.757234193455395,50.757871344183,1.08233945286875,105.618556994272,1.09286404964817,142.350950528875
0.409102455642083,0,0.361526885166739,45.0855374969248,0.867556584739377,101.633652811434,1.01033051210674,140.545374037191
0.404846912330932,0,0.8336943920605,51.0850290725706,0.935970172388855,100.004048137486,0.795873447244003,151.941806168419
0.316559993267799,0,0.750812936373367,47.8945758459008,1.01625200062447,92.6035634278753,1.61135048838401,137.797565746401
0.490886837536348,0,0.875424757533849,43.1721734406342,0.911938135759431,98.6243920117852,0.746471999361431,147.154273391877
0.300340702098134,0,0.849783686367095,47.0766937734778,1.08791051283016,106.848326212852,1.25590576768632,134.516638617158
0.309188213809649,0,0.922244562449266,51.4609869175096,0.645653144697422,105.580414696531,0.947832039072026,146.904237516928
0.410858132877805,0,0.489271905357247,42.3469709558986,0.761192890957815,95.442204939901,1.27723406673042,152.272969881326
0.359329621127243,0,0.46387678736066,43.3095299470057,1.06862538079869,94.3981290155474,0.644972140902652,146.866777868561
0.437845679328552,0,0.71951612910685,52.4943118298055,0.761350765815463,87.129724842154,0.791799872252908,159.196981395839
0.325223979076973,0,0.858447058564155,43.2181357696762,0.791397000053491,85.8333094539606,0.727376932183645,157.947567513744
0.233739819940381,0,0.609915757357295,44.0434979939786,0.991594179503279,97.5529662750472,0.867702384380745,146.623706363238
0.483734803761948,0,0.35943211562159,42.1014345502346,0.849280015783738,101.223700859672,0.988440296202935,144.817094198209
0.384653054056298,0,0.537460616345073,47.6713232356838,0.754222228674843,93.8849134835643,1.13244728831079,141.068256922497
0.49541444606496,0,0.501016807434632,43.9522989260433,1.02113280366127,98.911034759649,1.09370114809629,134.354456196965
0.347535236359214,0,0.551666293839114,44.9712293604539,0.653352878961596,91.4841271113509,1.31339982184031,149.091497260187
0.41102969697878,0,0.686577285381923,45.6535694446896,1.04273331625979,107.967001351714,1.22729349512022,148.215946647156
0.3816150855436,0,0.733654252541416,50.5529081278995,0.769933007412221,97.8067611319254,1.1165388529984,137.389234567108
0.538409865638289,0,0.856327173919065,41.2812607027998,0.896901665724443,78.4729984579265,0.894921317188063,136.994932578127
0.466703455831801,0,0.773117408620495,38.1688510821175,0.839006776524693,112.035797506373,1.41563043134712,152.563660876367
0.284813715959996,0,0.568885941767057,41.911052591777,0.905661499979486,99.2914929909528,1.38576455409795,123.028166569825
0.402560744262823,0,0.95475570142388,45.340849562378,1.24566977990271,90.4712165235044,1.67543685358379,161.554032873753
0.57605699178417,0,1.5025448320084,42.7746050543894,1.3118609030524,99.1538361101792,1.05463180149594,157.201055917194
0.410400046223057,0,0.857658081028646,44.2550657905823,0.813997133987101,83.69180456981,1.18422537318512,140.22524563953
0.34594426049285,0,0.598812662723683,40.5939988943584,1.01432612678819,89.0831620362033,0.649297033300718,157.594428904273
0.331587768941055,0,0.499510531618011,46.9342460048969,0.868060555759566,99.9336138212756,1.19472824407571,140.096652571489
0.388690110295684,0,0.823169426870903,42.5262667575352,0.913525740705978,103.049659690779,0.978620842149844,145.890640113211
0.502870090633851,0,0.681296551445334,46.6222765674073,0.853475218358735,103.702751874313,0.558393170254037,126.793883259873
0.532936289798666,0,0.559680759747989,47.1199926167733,0.872759097002569,94.912799757575,1.28692077262346,150.629973997613
0.482745126322453,0,0.931444954009787,38.1566706624012,0.7813902810461,91.9907169096829,1.45877501141953,162.532935667495
0.494970568082078,0,0.438593165315469,41.901262833042,1.1302207378202,93.9836052960815,1.27054775386963,161.809575294708
0.513405938554855,0,0.857998735224765,43.0539288385481,0.836730078264735,97.0517774030766,0.943074036804505,161.217119527484
0.376511308170125,0,0.937512476671731,43.3178851287767,0.864164717232964,91.4938434800048,0.874990480816579,156.333026622654
0.450107304854932,0,0.522584987192497,50.1975850872163,1.00506639103189,83.7533345820401,1.46424437025446,135.855420771503
0.371846498863034,0,0.599922457249294,41.7195403111921,0.839396151635713,92.4990509838104,0.981012976349036,145.153131926689
0.447210751459702,0,0.531203414655812,47.7549138823655,0.731240561695764,81.8956506568304,1.15756879252377,142.127377520994
0.35454533248123,0,0.572501938404499,49.3816898945747,0.847963266200358,87.297171933872,1.4751118336293,135.938834936716
0.464619586625509,0,0.703351184856934,52.0823585578431,0.819857998925368,105.474261528315,1.04003627178095,152.439853671643
0.443117850270196,0,0.499665219383456,46.1903496263815,0.824908191041963,94.7141682368606,0.69438023894796,140.482108935373
0.370730158512375,0,0.678934229961102,44.5698306389857,1.03366306840379,95.1345662391514,0.939428643401011,120.171267302987
0.42384871609417,0,0.706729862705485,48.9574957760051,0.823617421468854,101.44565964367,1.30806755463639,155.7117546627
0.351302712851024,0,0.911932800731361,41.1522641142419,0.72569625580356,98.8483604078191,1.24180142223981,146.420935411899
0.406788238474891,0,0.77858114762719,48.9483080255514,0.91788720787361,85.1049428156815,1.28911359749838,164.645817448939
0.447485001667363,0,1.01549391993853,44.6953294717195,0.906983459964657,102.588688859636,1.09863049125211,138.448859163476
0.351593165373014,0,0.602725784756447,47.1007291593847,0.966687464498808,89.0905122048921,0.947359837689127,150.065051460435
0.356303676031765,0,0.839007986274557,42.3727183985701,0.79722187605882,86.1958231903211,0.715101737583894,164.712087573622
0.504107898070824,0,0.786521432582195,46.8408039307636,0.791765395462769,93.1988258536037,1.35209019798868,163.597008930605
0.516663001876899,0,0.660259260427507,43.3226055050701,0.638928565929242,107.547970548876,1.52648666137746,121.22940564334
0.362420932106351,0,0.762649465500429,41.8769334623774,1.02325812842608,88.0397993886883,1.55904232775919,167.496869785155
0.320587889516494,0,0.608352203297398,45.3665601476654,0.80712141886039,106.125200919444,1.37042485707939,135.886070723637
0.452809709456043,0,1.02857973039775,41.4847269331824,1.0873595494029,89.7352068243293,0.687405013749845,133.125234880838
0.420655679551188,0,0.560979848885824,49.4498897056563,0.747007968099898,107.393020773375,0.821712249906392,159.969768948501
0.504445704688583,0,0.525245727834776,44.5874573350823,0.930233464160753,92.3522767756884,0.734365630220049,120.529866944795
0.423019374914603,0,0.870239315854026,44.6153659205708,0.954066250495666,108.446574190182,1.02954958911961,148.091887812825
0.281451986296805,0,0.476528450068828,45.1052901508403,0.867919065920706,112.356531537122,1.42375913014416,155.73356939385
0.413930323284448,0,0.97494681410397,43.1371145835143,0.747100861202777,112.341314289317,1.07990252238476,151.288647959541
0.268004118234861,0,0.459090456746568,49.6472639724304,1.07243567220776,84.9802413175965,0.962504014777214,133.155076605702
0.405325230177437,0,0.879065836138986,47.4919925086543,1.08773255491947,99.5972684569804,0.665132969253028,146.2919074176
0.505006259355555,0,0.370028703581846,48.1527525344638,1.07208634913106,82.2684053185521,1.24336834534678,129.815367673787
0.396575328964759,0,0.566726686415385,43.926704309505,0.901932257638464,88.4618713524986,1.05291093050938,153.953599041677
0.439046392838502,0,0.815451220779907,43.1934848109302,0.895335581378585,88.2255383739508,1.21509983860338,144.419150911409
0.42402068962133,0,0.712782644053788,47.5289235808047,1.2446809619517,88.8761953555509,0.909792546601023,140.84212188654
0.41458468699635,0,0.847743684167109,44.1363718428077,0.920595048090263,98.224141851211,0.955500542307623,146.616061769479
0.353280275587632,0,0.384800737703893,49.4587156249208,0.85975282200117,100.979614309271,1.29292593533146,141.14676960985
0.441669135502666,0,0.717939575005529,52.1590463908047,0.752780647138167,91.5970997154922,1.14277239590961,153.4031234039
0.365479901738028,0,0.821741487282847,42.9915456771294,0.886617217779555,91.4864873130753,0.841275288985821,159.04069621094
0.275413000843607,0,0.499424405866972,45.306368251336,0.756572261674376,79.3528553035895,1.73579956198356,156.570366806728
0.383212524071122,0,1.09058254423891,47.1603450098955,1.01338480089588,94.2089971887289,1.71147607755531,156.978850541511
0.506457173500793,0,0.742360653734558,43.3963722368461,0.752568418898049,88.8023548619155,1.12603701462945,125.923043466138
0.414382290107579,0,0.42313478173228,45.1634712522101,1.01637233047795,96.5425034432932,0.81982057774678,154.055664106668
0.536150614801071,0,0.505184878909128,48.4234568075047,1.14132275498992,98.1690839881693,1.56835707682932,143.729062655924
0.408277511066323,0,1.20739127639421,47.9189237243881,1.0554778056051,111.54633274762,0.951537317218314,143.899245561449
0.316700454702675,0,0.620756534396034,50.8276612338354,1.13860343882123,97.4293915390028,1.05250440148426,151.902761603274
0.356737738759933,0,0.996086109827099,50.3561095894682,0.785519137849888,96.1995739407756,1.13311314583748,148.690094409491
0.339055745985782,0,0.723027577771907,48.0795197871877,0.972582296438443,99.7374112052174,1.06162492315122,141.705956880981
0.360498941499972,0,0.873184201681614,47.5147936664219,0.918719633142716,102.327890860035,0.906257632887561,145.069990067386
0.423755136822057,0,1.0515321392145,42.6715937516437,0.912346926075251,93.4072854138752,0.727512135219817,134.773555698925
0.586145641439238,0,0.677632646509621,44.3880565985173,1.19339816674636,84.8242582311621,1.51125394934075,137.568447685902
0.393712769897362,0,0.802156200891835,47.0641298554052,0.566655485847781,104.026857459259,1.53711550205732,152.939182380712
0.28322672958229,0,0.571001822089018,37.6662827394448,1.04974994470237,98.8690911339576,1.14795318524631,132.087502315029
0.362923819879757,0,0.534497652387157,37.4780231385037,0.900443593579091,106.118048360872,0.912116957493289,159.663163262032
0.387436669460245,0,0.741510240330887,44.9706518710884,1.09036506356976,88.1783527863994,1.20280860717605,133.082229191889
0.753251047616317,0,1.09724235647094,45.9083499251963,0.718223204623581,81.6583191351124,1.43597833235763,141.666132180319
0.616071474555069,0,1.10524722580318,44.0589409853769,0.90931367868088,81.4982585176988,0.709571300599333,163.108207648404
0.403500437995513,0,0.681218934264842,45.2978910067644,0.948766449315418,106.534267641499,1.9394807964626,130.3460827419
0.562920161620936,0,0.572606014248031,49.4042394135364,1.02446932106337,96.9752133456864,1.14361100657541,140.003901022991
