"p1","p2","p3","p4"
0.0684795593958209,0.11748458177828,0.132562530312739,0.142954560564907
0.0698147458969976,0.0975649957007778,0.122852013599009,0.128638953837487
0.0690635077429171,0.0891471069597783,0.196252494904426,0.145699946074252
0.0666689215393893,0.0921122571085462,0.116974173013904,0.150446302277602
0.0574703053490342,0.143951885487471,0.117301158749275,0.198058524724119
0.0662715344776075,0.0779495061507242,0.114457726461904,0.105454917208368
0.0547527432260767,0.115780659552791,0.123931656503898,0.17002499721891
0.065319937082783,0.164265639216399,0.140115508665725,0.280043831677255
0.0367439884203634,0.117530336767464,0.155037732886835,0.120963273799817
0.0393956362660774,0.101404894507615,0.188270502639778,0.162092573526008
0.043376993907392,0.0745856960019988,0.154028660221666,0.148160019253251
0.05838679130821,0.0717946044854569,0.0997178296092048,0.231387896400219
0.0412318865819904,0.0962074095054666,0.0950666695025735,0.176218324320936
0.0836322208201029,0.108417391520205,0.117573269528928,0.158573545546235
0.0662029189110248,0.0779212377306539,0.127495459411084,0.238476525984031
0.0551048103135114,0.0839788868003906,0.151841609405052,0.124415403862466
0.0708407162480371,0.0666303584470661,0.0977133270589306,0.0917417852663664
0.0447202260895389,0.108023501829039,0.124556753762861,0.167868096321115
0.0440691335090745,0.103763011493514,0.127464334653194,0.21149725649374
0.0884295366081612,0.0827534878195732,0.134158832035861,0.129888243412253
0.0548464291291068,0.0902720367112272,0.125764158300856,0.12622835026815
0.0734118510366825,0.0997310178343217,0.123012961112407,0.271587418498369
0.0778260981073699,0.061908104811683,0.139964591602322,0.200828368491527
0.062028076881861,0.0754877751158065,0.119607463277666,0.223379808152419
0.0688200400504475,0.111913545754415,0.140368417885626,0.190454536569347
0.0523619973472807,0.0662336553014524,0.127467383962264,0.154913285764567
0.065987022011253,0.082497596798333,0.123844247217197,0.1113973259467
0.0466692244098213,0.0703860763059999,0.132417844690327,0.172519033416355
0.0494027390719613,0.112689414637978,0.12909483478837,0.15607534525406
0.0549828353268286,0.0664038386419147,0.135066430102049,0.16219102370673
0.0854014423059595,0.0657679930552799,0.102245391288672,0.174325049410098
0.0593813040179193,0.0863714567012122,0.171298369064323,0.142412768681739
0.0491448593894078,0.117145396226928,0.198871532404324,0.174630451340677
0.0580367436903865,0.088001712242438,0.13034553339029,0.15577274191808
0.0763246903131639,0.100693772646058,0.109230992374503,0.112255161196238
0.0598824626905141,0.14166786425114,0.122843713174077,0.229953625887163
0.0556267340082237,0.0971107940406929,0.131896281053528,0.141441766824161
0.100675706660234,0.217097574470775,0.15544628256807,0.144927248957681
0.0662692754371299,0.113032991712952,0.0962206070402086,0.203570920399546
0.0681316926968333,0.123325840443746,0.128748315838107,0.119055947183034
0.0427695870522195,0.114945640791613,0.124375895543199,0.192692086080371
0.0544384089478855,0.121750935285672,0.166338929602778,0.176430588737382
0.0512115100773903,0.142926091619994,0.115291787236783,0.209069306321787
0.0649075867642707,0.0688559460280862,0.143061434407167,0.15472135419139
0.0500359456425875,0.0844008651144931,0.123097714887923,0.118328185786064
0.0572187407872688,0.0743946097358751,0.117467040101185,0.0630105725108242
0.0551442859020889,0.136760893765673,0.154047962587873,0.120612518949552
0.0523955413953934,0.076091459463753,0.131699356815705,0.128625577066393
0.0635463157953244,0.0999578636371115,0.17408075340745,0.177493234384408
0.0530214477557903,0.0545810033403326,0.130085016790496,0.214489777763335
0.046680583121369,0.0910831368196037,0.136855393477413,0.182693057848308
0.06042269575321,0.123302364784086,0.167139990866276,0.206670176074493
0.0404857779205352,0.0900409004721739,0.126328324014528,0.15291273119464
0.0709274354086293,0.0874568067280618,0.159581639363341,0.16878748398989
0.0542813336016209,0.141385014650581,0.11844241077964,0.141523494095849
0.0704085998646298,0.0838577063203313,0.151482673572511,0.103372913240609
0.0856065209055473,0.0836601931497723,0.113669241344178,0.211743405795468
0.0776735831933546,0.0923031621603076,0.156360591916558,0.180902691150372
0.0671380572031643,0.165098048307848,0.132350577717863,0.121117636274324
0.0489159510854767,0.131443885842305,0.134322181626316,0.129541394289128
0.0583273535975491,0.0576327712853883,0.139978811972515,0.150169018523554
0.049522683520963,0.110304229296674,0.148843283437356,0.13718892464808
0.0753030820288595,0.104363742127321,0.132962103334776,0.365976527107481
0.0403871827599821,0.074551402053815,0.139983241921388,0.0865551556185843
0.0679361718666512,0.102350689861747,0.158311669445087,0.173590177708873
0.0608327293330049,0.111100778607866,0.140737410758041,0.192084357283492
0.0573187283445997,0.0836613538346778,0.134181282822761,0.178983215229821
0.0690644131212601,0.1321141930015,0.103103844162364,0.119744625434862
0.0541035298289817,0.0775183073973999,0.153112500043471,0.111233676041462
0.0659113901634635,0.0912715296061515,0.146121974567727,0.373574489964742
0.0534306601618054,0.101901771147256,0.13239254912962,0.183561831680526
0.0590241888429628,0.0920930118678973,0.118946367555141,0.145579525947895
0.0666171653184497,0.0750352845915763,0.155095713184104,0.189247211670113
0.073080516565191,0.139437896460327,0.116807090913573,0.210182582740129
0.0645167004192228,0.126163123613335,0.136108419443358,0.153560070103212
0.0520412739671017,0.100335314210789,0.10076366362127,0.166887107774476
0.0526939722912564,0.0829837234205816,0.110188877572693,0.235778038680372
0.0586851772743428,0.0928624185813099,0.137890906342706,0.201274737901716
0.069067040531314,0.121250873784918,0.10455281169007,0.25514704354591
0.0513047190702328,0.107640955671722,0.11124691729818,0.179447251188938
0.0612970220009948,0.075292137042832,0.118649093323936,0.198743796917711
0.0671834883803363,0.0794526427272748,0.129998938938755,0.177170878569791
0.0561557397860869,0.102796420747061,0.120076760206344,0.317922325489239
0.0647717076187376,0.0640713641009439,0.101154520661714,0.187492284492415
0.0691925947726276,0.116256902742595,0.11613379962581,0.183370288579723
0.069075889999547,0.0754513635317263,0.149711784345629,0.166074084921087
0.044171356719858,0.12577012779978,0.142438897352007,0.190623164061071
0.0630393493830485,0.0932734948319964,0.116405851974685,0.169095274531389
0.0723171148634112,0.0875222232894151,0.180758937070893,0.128246882851487
0.0590718589765216,0.20798047573849,0.137406644656828,0.177786557470444
0.0650145567618491,0.0740573705025259,0.138209236119594,0.246402645433269
0.0718290080991694,0.122288446723981,0.138557238848381,0.177323372671811
0.0525348228774822,0.0626637565798405,0.0973378670641304,0.123587869288185
0.0586606763526522,0.113473781919803,0.167881870095242,0.17202456810283
0.0496424349267947,0.0819342005679825,0.156095473477131,0.137448982598983
0.0564042753034135,0.0898853342302306,0.14342621334774,0.164483529305629
0.0685394273638314,0.0792623480888871,0.114894246707722,0.218509337418929
0.0620938570276374,0.129080834956999,0.113537816911208,0.210569829017463
0.0489166967602119,0.083268362653199,0.161805541498464,0.104533628944391
0.065712912443276,0.124381864350892,0.14870503619289,0.158194338805009
0.0674171683306165,0.12380272641253,0.134433393267305,0.205044384802082
0.0500516105633795,0.0729293169961011,0.119577215306603,0.120216146234118
0.0605380117125745,0.132085956085451,0.144900601721819,0.16828606112015
0.0720626620958373,0.0962769167583548,0.144986757521588,0.266943410516159
0.052808901996281,0.156673286036243,0.155297563052254,0.213854334743292
0.068114001299788,0.115108042470914,0.153474373681222,0.289477659272941
0.054174812834608,0.0983493137002707,0.14614297990432,0.163898784265505
0.0628395738393638,0.0955779626079864,0.185915386125939,0.162453085881333
0.0662056511335387,0.0846226071969694,0.103184816407038,0.125285518829791
0.0758087227742678,0.128019625684106,0.110474366329186,0.122642999205256
0.0559497418814721,0.0929779759289587,0.13446286601712,0.130586050211456
0.0714899706031161,0.159132330877634,0.161222451412849,0.208860358673249
0.0613940491741275,0.0795245316308658,0.161637075492333,0.259662803704444
0.0624978188664595,0.143077960662248,0.173326124288758,0.281923919207356
0.0672658547581218,0.0775674974856747,0.126177127359723,0.131574979219203
0.0609469643563654,0.177813622695794,0.151952427463031,0.25173822774759
0.0515265050948161,0.124042864195713,0.123029339258234,0.116180355958079
0.0498559612978915,0.0782279712833211,0.141660789543612,0.0962319908551174
0.0777261300332172,0.0915112449765974,0.124130251638945,0.228620523471442
0.0699741915596092,0.105710572728337,0.132100226199373,0.182416459266452
0.0757295739448092,0.091894356730981,0.105378622585892,0.287512141364816
0.0489836577941128,0.0695310665012591,0.0973009451509207,0.186845526825326
0.0598692139545929,0.105978900264172,0.110005881507238,0.0719192187674944
0.0576083379598041,0.149476889986677,0.157049273713161,0.140466215547158
0.0813074431857903,0.0787226160287866,0.144180572891692,0.207595724076034
0.0409578135240493,0.0805491783216416,0.124945707996358,0.178491761965324
0.0658740056602698,0.119651924277086,0.158524689369432,0.103212733670849
0.058483624949588,0.0861038517699127,0.100544639201472,0.206692639848061
0.0604915700183183,0.0842908823228384,0.11703647194687,0.0645021520182162
0.0840304390899868,0.140531107638857,0.138580974004831,0.175167753450965
0.0635014783918711,0.0898972031520286,0.117078952542694,0.117257134506074
0.0553355684214883,0.16144157833899,0.152467015582637,0.155661378725004
0.0530709949936138,0.0984441020131966,0.130563889134604,0.189141018712665
0.0491081846076845,0.130788750378039,0.121744948042775,0.24398615233174
0.0639198423445145,0.0770768510693088,0.109571648856222,0.191888511528995
0.0772118908413237,0.0981483430113469,0.130958894788389,0.103391439852117
0.0775064899424655,0.0879290728417653,0.106930035524996,0.205120531111915
0.0667361924766932,0.11447955404298,0.125668106333029,0.192768664994213
0.0668529234492106,0.137391942709939,0.136418157892634,0.298363416043855
0.0601388763426461,0.0972672937124503,0.130159093394343,0.0819476067257609
0.0944849015106392,0.104265211569392,0.0843161922221184,0.317694405501184
0.0605330843645628,0.104731870965556,0.105736517103858,0.193704408687795
0.058565509314446,0.111299366574854,0.119871831364784,0.145440520730185
0.0627705900803206,0.106501480420839,0.143163230150246,0.14973494555024
0.0634141570717367,0.140885018839167,0.10463847845919,0.0861736003769617
0.0611445433170288,0.0908410121189675,0.116107380901077,0.151064197024408
0.0675463564470731,0.0961596475544542,0.0857188815897296,0.235552700262591
0.040155944767197,0.0781376418696452,0.120745483431588,0.220913667436662
0.0691099825482865,0.0918059979627423,0.115870537032276,0.173009670683698
0.059008664818865,0.119099345941105,0.0968311885270185,0.115887892142585
0.051704753724938,0.123017011864368,0.128735343718633,0.188599617646505
0.0513918133669072,0.0644219016001844,0.123249000185296,0.245421393232086
0.0461254703599135,0.0894057448252707,0.116872162603449,0.167353134725233
0.0515590375802462,0.103258053101719,0.133002470263543,0.198701994059256
0.043880085347375,0.0775112964170131,0.14863540226763,0.261414756231292
0.0809203805647238,0.0981989177586196,0.212657218178693,0.206077613768758
0.0619850934638036,0.122219698197778,0.120132186493427,0.149639541233166
0.081036882881337,0.106744523774169,0.14844147056079,0.184566013738474
0.0795613258343447,0.103383335207026,0.0981964295638213,0.114401234299655
0.0498288927557878,0.0746439041041412,0.13069573270286,0.273465676307317
0.0707715956608584,0.101647615444377,0.109806975655369,0.146540452684266
0.0613811932480441,0.118684055677262,0.113836692555943,0.129316576251731
0.0743015482268246,0.109321475079755,0.187341852281711,0.120013271816431
0.0647250412511066,0.0724149332189789,0.15271067989765,0.334535788422847
0.0471945078469541,0.189702367984643,0.121209980083135,0.110078353844787
0.0598689864272497,0.0710830653607956,0.136357113231225,0.120710594219295
0.0716297518897864,0.0996723939644131,0.128257870964589,0.149337648072344
0.0397961647321475,0.128502487019196,0.112948931172905,0.180970952318201
0.0736571390630916,0.14138550365228,0.134403916171964,0.173693294953133
0.0694375107030317,0.0866417147978785,0.127283553396252,0.175003370242197
0.0584997738283859,0.132076571475937,0.163155373113257,0.220304153063686
0.0547503666426892,0.115487743290812,0.114399012236494,0.159629722132693
0.0376727721952816,0.102714044656931,0.112095018309328,0.149186253812223
0.0519758574073607,0.100226966489838,0.142202769178896,0.17935946041863
0.0645272775942236,0.11528858839345,0.111448809337357,0.179633309867948
0.0670518663028839,0.0895028706056558,0.129305672505251,0.128752120558425
0.0471702614904285,0.112436527762364,0.112772011955144,0.220292363546312
0.0539009687278212,0.0774626928070249,0.118995402057517,0.135079603626563
0.0631692513091179,0.0611046132842198,0.153503405889491,0.184520329848321
0.0709262022382841,0.109216254284554,0.0916318247995763,0.203167915412722
0.0500479815082051,0.0821582048189282,0.117983711567391,0.187392284438563
0.0696430468336801,0.0756625574465635,0.147292687326429,0.136596810530706
0.0456297434508054,0.0590039686716326,0.158744979864769,0.0782749564092184
0.0652037555003166,0.115277697221425,0.128738807236676,0.162959194834824
0.0730973538592334,0.114002223248436,0.116216455141537,0.132635509481859
0.0406100373702873,0.091820897864651,0.142699680596738,0.175801199309396
0.0616492754474744,0.0846099427004451,0.110572026228181,0.114957111536893
0.0786018977940995,0.101754750287631,0.143195904779628,0.129754459896007
0.0570462360634281,0.0727804460520581,0.13570839461207,0.155567442122418
0.0484477874793542,0.0984552066309854,0.122141439373365,0.182691918070506
0.0704026823055918,0.104517325041689,0.164053580393039,0.101868134699769
0.0602940274827423,0.079483700797894,0.143063809116412,0.20441164521832
0.0379630455622974,0.0953149456144899,0.132917747481519,0.120349640868446
0.0794807087633296,0.16611567839719,0.137376127345755,0.119044310366247
0.0549076735098893,0.133893439085741,0.147175358222185,0.173965708663703
0.0417076949299495,0.140608701643578,0.111707116872979,0.158563671129118
0.0523686237841972,0.0873287638982862,0.125650768015662,0.180353200633515
0.0467812052149784,0.0652827418378147,0.10843861856152,0.218767714843599
0.0541345717205296,0.0601470703885344,0.104698405149922,0.106782150133801
0.0607180644691004,0.125039321528163,0.152446142616289,0.168345618059539
0.0541457934724142,0.0551448425409537,0.155386089020633,0.111748703599397
0.0620098909217592,0.06974731058775,0.121795222078492,0.128658304641942
0.0585842305358445,0.0930922954176929,0.123668802356056,0.1373034501918
0.0767868457048656,0.128442031398542,0.125124701050217,0.111250930544106
0.0790910337515598,0.0691714561095758,0.130819540831109,0.0956326130421751
0.0477601453017917,0.0928961838047373,0.116928439863187,0.209801921072843
0.0636497683764018,0.104604414482708,0.121899296095498,0.164258844425289
0.0584816628489787,0.0796697525193729,0.16053514746763,0.188318685831603
0.0672110262534686,0.0632952679984511,0.125140248111372,0.315777345378917
0.0579014076109883,0.107263065122922,0.11033991110845,0.123926731540437
0.0491207116839239,0.0824585288617265,0.166471128001324,0.118393513814011
0.0632356906788969,0.178770096980983,0.12982826510879,0.15276756964781
0.059662593066386,0.0814519351236272,0.140288435733799,0.13049562922927
0.0727173553601535,0.207115233481627,0.138335684459135,0.213095936762571
0.07424047550467,0.0893032317129951,0.0886081370301205,0.181627693978636
0.0544521132909215,0.0957097558319129,0.153910505708934,0.174512071391883
0.0744145532646046,0.113413974229737,0.154214874840635,0.148404601092271
0.0604835452818286,0.067633175886284,0.143973592194296,0.198058611370856
0.0739730114430073,0.130084172339737,0.113659065841958,0.22473394541989
0.0682755947469735,0.100938716044142,0.143924442609027,0.192745976073064
0.0713274876050072,0.195447746553866,0.124847538579722,0.254493952673487
0.0563394227825741,0.115482198152916,0.117101026065707,0.205416314824918
0.0374671405570954,0.117867698478023,0.152667133815965,0.158022058887552
0.0518031809171531,0.0961957922131105,0.133035528502548,0.160393955971541
0.0533982685247219,0.0806925579463271,0.134727175200968,0.167689696355711
0.0733606159765223,0.118999899420775,0.0967963327763897,0.115994821292062
0.0942549199379773,0.106678062422083,0.138317556986451,0.164192266932515
0.0509438157779519,0.0764168290955182,0.120081063658554,0.287587168654062
0.0654519865733645,0.10925991481118,0.13104015216653,0.102450633043457
0.0521861489866931,0.104466684569003,0.116806763250462,0.168589981727866
0.0624864985007332,0.0847702593457134,0.130142514425232,0.136923969396884
0.0577751759593695,0.133936976183508,0.121123537480053,0.128507774914715
0.0686694582220607,0.0851023844478936,0.121289941438346,0.0974699991562931
0.0548287423253497,0.16047799977463,0.130489999016196,0.0880865446784869
0.072565339108433,0.140540387156842,0.147851184620893,0.147051571556897
0.0628394447135418,0.0915941225971566,0.138164988922725,0.231545543142905
0.0763338247977347,0.0800363861139658,0.124818322167228,0.168016741523944
0.0551754213402786,0.080701835210818,0.116558154282478,0.214885211812664
0.0793681587946901,0.0597262861472403,0.13697959471086,0.276326012476114
0.0576413232559541,0.0713646550739608,0.0986214746120292,0.208507393478763
0.0514337625553694,0.112709937402593,0.120816514316555,0.120945217837177
0.0518324276846705,0.0812868288320809,0.122937570233666,0.162457728794272
0.0808073930243931,0.115839550598814,0.148021479016067,0.13509375225
0.0507615633936353,0.152758542811083,0.123441759493998,0.114483963466175
0.0563259223863779,0.0803755547584774,0.128392034946271,0.16056150216383
0.0506080847768623,0.124998774504216,0.110101254666949,0.344031906775763
0.0392421019707825,0.0722649798937037,0.164007552555508,0.131514492487257
0.0747395961369982,0.102185909598753,0.109743192581024,0.210405521509187
0.0533635137301718,0.0796652931187034,0.143447344682186,0.236741693315987
0.0650755285308068,0.132436266357799,0.17439730118969,0.184247833792259
0.0772453223066316,0.117612259994249,0.151172170655007,0.197867409488555
0.0717935778719016,0.151213901658119,0.107445075546234,0.198599359071262
0.0716309343528086,0.116669527026538,0.120517366314242,0.138782170175605
0.0516807291255956,0.105865390050091,0.131282590145239,0.180467301571902
0.047099099282434,0.097414715152094,0.140301140014688,0.124989157751504
0.056085422480655,0.0584139554620074,0.151066974154914,0.267512995984107
0.0598033132268005,0.166877144970636,0.141175921161699,0.297716272873792
0.077150152996535,0.103728463556518,0.147916656268185,0.161718423169629
0.0438891369452583,0.0826975515574601,0.164989238303778,0.155205558004462
0.0527566440221843,0.114756116368583,0.144768668477608,0.145209239576503
0.0418887885102042,0.0728739782450505,0.132855551018466,0.17333373666411
0.0570395961846396,0.1034547500024,0.142698534486874,0.0683395719317727
0.0791327046992613,0.0884499235021624,0.115262143360588,0.114561086633436
0.042683486907302,0.0775223922942348,0.145213765934321,0.114599906265699
0.060203602597466,0.084699872757621,0.132904242411637,0.155957272703947
0.0581189882310052,0.126372230232484,0.115594210905881,0.213544832789064
0.0485956472971708,0.104435206346222,0.145870967507489,0.337750661961188
0.0546092628914514,0.130881901062558,0.101586945918674,0.151989181219992
0.0510749423843159,0.107281538339567,0.132448747651624,0.158393713976585
0.0478674986176637,0.0848600278294711,0.112582394323216,0.186015126064212
0.0895700466341158,0.109503755802008,0.142528806265575,0.14191782861948
0.0497721163001239,0.177090213464787,0.146251177254781,0.117341523371209
0.0593152950480913,0.10855054231543,0.121655859683391,0.183361510784818
0.0435501647180133,0.115887564721405,0.129063809619094,0.156056529964746
0.0452722320816401,0.115636681407338,0.148199442406203,0.177643832682844
0.0494599239250394,0.21186922099108,0.154327420016234,0.227296775481102
0.0538940830789513,0.245108824866075,0.160681419133386,0.09258110113666
0.0652869614829253,0.0944003686832226,0.120494153685843,0.232119675359015
0.0660316664906909,0.0990570159637914,0.11117759855157,0.173622426167833
0.082593002834539,0.148791991931919,0.116764310160342,0.165888734386564
0.0740428610688048,0.0654634023994323,0.152489613111369,0.14523575832533
0.0598400163471322,0.124045527455993,0.117292024547206,0.19066862601649
0.0812404439493948,0.0797408681901836,0.170886812938577,0.167271012703812
0.0706247798332274,0.224119234664269,0.130548034041979,0.125940128857648
0.0536971039425938,0.0912050914734547,0.1316747670176,0.209901652527854
0.0258547828418045,0.0861928176499116,0.167394521123826,0.143787258817819
0.0596315740673945,0.0615243327271276,0.107690158947658,0.0609230383085226
0.056644359437734,0.121524236623133,0.119962480854178,0.176241294823281
0.0598011150104257,0.0825141947829688,0.162818199352912,0.101922969067161
0.0668760860031491,0.158047044875707,0.142603991392258,0.153427786883573
0.0686637065636534,0.0881887086146358,0.118887478620947,0.163325324482538
0.0473923609432632,0.0775479637962273,0.137810554791735,0.146210389312042
0.0641589318897523,0.139548349191801,0.131424228625196,0.119309783298347
0.0604920501538618,0.0914203956459293,0.115013387345562,0.170687831823708
0.06720823766105,0.122568509687596,0.1405139771299,0.179365984203872
0.0477131060151176,0.125426342022553,0.144641386868727,0.126632358471687
0.0493327328262602,0.118377680893017,0.0769683571332767,0.0788635828000129
0.0480511630140864,0.0568075951443268,0.143804899644363,0.163641134940575
0.0583562011423417,0.0992038490553789,0.152115821128559,0.221134729359878
0.0625700228295433,0.0775131578507001,0.134214524319887,0.248162739179724
0.0756437188041417,0.0894730708466657,0.124768186505631,0.119400333021997
0.0537939910538266,0.0646893661628626,0.109520422330515,0.180813761069625
0.07374892072387,0.0965061908549448,0.172286627269368,0.099511303423524
0.0645064886314254,0.121025098008944,0.169678579561175,0.127553111800005
0.0595051509590013,0.0756188516794119,0.103606772956828,0.170118011883975
0.0581625936237634,0.108021052194887,0.123984063023067,0.110752904020611
0.0672827936262597,0.0995727565857154,0.133573845822333,0.227438936782162
0.0495070184351786,0.154543107508828,0.137094243886383,0.119442153396856
0.0832882991551154,0.123060996835112,0.0812245006897136,0.215692170508287
0.0788310380381092,0.104756549439143,0.112914309896512,0.115042785536675
0.0677452071263363,0.0414494428334737,0.153933868984058,0.194753987876776
0.044876384253924,0.130350820285434,0.144359784449845,0.0958776504702276
0.0483157587427245,0.061565199952236,0.130927183942108,0.110714920066297
0.0452664202709352,0.0846477467945368,0.127918122768749,0.154056248911708
0.0370808187958608,0.108191775740042,0.136195782716848,0.111505666467117
0.0703719648459559,0.0884885527485313,0.0962045295170108,0.195631352929263
0.0503629883033525,0.103502671662351,0.15537391311804,0.157893062478432
0.0580627956811087,0.0630078683108273,0.119794254130899,0.166810389581198
0.0604641580733627,0.121370035231669,0.131235856068429,0.172648156946104
0.0471514824329997,0.0555001438728331,0.1676750769358,0.176700763205579
0.0823471443467871,0.16677690620276,0.137770955025511,0.213339271575556
0.0729308337713388,0.0802815409036028,0.15911998692724,0.0994360709216236
0.0571333704574145,0.0713664225825837,0.160663896518235,0.145512237119624
0.047693730358901,0.0587306866523411,0.151253790460703,0.129486351531584
0.0600787507895061,0.0452509768665454,0.179189337323276,0.148740795596032
0.0581484321529879,0.0711541814887236,0.141940957444027,0.204157796011217
0.056222335863276,0.105474562906537,0.144741142582475,0.178286539323905
0.0622207505357895,0.110502801738751,0.121050645210932,0.150811033574349
0.0678620792489491,0.108564139464589,0.134823924316723,0.216234545001257
0.0923511511862996,0.0781155704288707,0.12051217661741,0.150614317090213
0.0779466006568862,0.108111592234349,0.140017061951062,0.144000493930799
0.0523130478857361,0.107127978051649,0.129637869386512,0.144633398181138
0.0664830458481742,0.0695696592871906,0.177282114389928,0.118502183581019
0.0563353756619617,0.119918131371508,0.11469033714108,0.103292883812207
0.0621598056308099,0.157374265966028,0.142586840087364,0.157646900333659
0.0516071413932567,0.0670932157095474,0.144744771750437,0.150466576001283
0.0744627861137295,0.0830565467079323,0.118784645069851,0.143016929497459
0.0745335658497095,0.0998952629668117,0.155432441452639,0.181709844945881
0.0518123034214708,0.137547835486178,0.105990134089252,0.0945708264060504
0.0550726592130913,0.0915662789753676,0.120991335799603,0.171182966799861
0.0417864375626111,0.147312874763745,0.150638827234324,0.137278402222911
0.0464736982302886,0.0994245684189461,0.150957030615363,0.202504320732746
0.0650881704641474,0.0917465960824729,0.166006166155103,0.0997326477654962
0.0603847670144705,0.0474932007849861,0.0931964756484485,0.258377212006784
0.0586947007052406,0.0953459448314107,0.0788662858534403,0.138727329053906
0.0790973678306619,0.110091161632475,0.143602010181818,0.152562968152493
0.058432325816485,0.0541725265965738,0.118959908663699,0.214515095195386
0.0835577574961397,0.10672970026428,0.18765704301634,0.197330394052803
0.0655501682231397,0.128416894853725,0.100709826856578,0.170945221031618
0.0512644818387635,0.151532342332209,0.121885073751726,0.162559297690668
0.0576375236486362,0.0946174879714838,0.135625628596764,0.387299772231572
0.0456576709901437,0.128256400569826,0.118290279879466,0.172327035247427
0.0686479060399894,0.0921679675323483,0.169423760456244,0.153809608979078
0.0430940615119811,0.0949537250597339,0.136480854669891,0.299533510127137
0.0517352381063198,0.112339446689451,0.104566702880499,0.163133054580433
0.0756675927137662,0.114338552790026,0.093089839184871,0.187365014200582
0.0526743703842658,0.0730282199064947,0.132328696652372,0.178575805900517
0.0628921993258644,0.122184199235181,0.118872614134941,0.140048165668822
0.0571514287324563,0.111883771198015,0.167827179609634,0.261711728582515
0.0597083004362342,0.0933549959310464,0.130628332325882,0.11160635118863
0.0606968477085151,0.107166197048992,0.0866727504762908,0.0819988404906456
0.053841518055594,0.0505750258441473,0.132143914589557,0.134809404393256
0.0606692905781472,0.109040826444688,0.126812047848464,0.168701008293173
0.0691048816364239,0.109459049326561,0.142287633693028,0.174135198645325
0.0505815527086474,0.114992549567217,0.127217636448288,0.168339645354293
0.0660419403947827,0.0670035684557063,0.117567776237775,0.102685417581117
0.0510055826382019,0.144475288745217,0.129383650336948,0.194381747871773
0.0891005861159242,0.0569117856585216,0.157661482726137,0.17519340734496
0.0609075665607559,0.069333196646768,0.12360060232168,0.135913062457955
0.0726489554455585,0.0628496237090607,0.127769919602762,0.180899007730681
0.0724349783964032,0.108641434540857,0.145003111103802,0.151921961549541
0.0583503621664007,0.0733670899726322,0.17111617017832,0.127592734380799
0.0732062925903256,0.125971613123836,0.104772893459028,0.199054966018952
0.0498768821382973,0.0648797752611623,0.139345656175098,0.158258129565048
0.0684986351512136,0.103243592900122,0.165813054759176,0.164127730390194
0.0531390975835835,0.134632113869889,0.152848247215408,0.198670735664035
0.0293680184255809,0.106899635467203,0.128786418755093,0.182799493835706
0.0739446060259268,0.195697993477618,0.15856504374029,0.172515744851854
0.0557764147031016,0.111895580407966,0.126019861169914,0.106338524739729
0.0735101978480991,0.101538714893178,0.129469738562103,0.16673748140499
0.0559463100199147,0.133972304735361,0.160557142723813,0.138360472529081
0.0647956083124951,0.0853421504090732,0.136121372230519,0.116427096213894
0.0596702716699743,0.106814476648647,0.116632140346715,0.183404354165237
0.0659311473397849,0.0791027312602327,0.103650034163085,0.155434431762567
0.055420347265414,0.095343256427002,0.152645169596452,0.211570285498028
0.0587647511297438,0.0936285790547967,0.168371998385566,0.19107203983354
0.0612872931005466,0.0657522920966633,0.116398208244878,0.200125775758724
0.060768277325567,0.0982283064524449,0.159029924029677,0.162245728075198
0.063277193515154,0.0827691170300643,0.126676687978849,0.155508972789367
0.0483154445793544,0.110360180011752,0.108826736238848,0.0612530870249269
0.061326609347338,0.0995221779026917,0.173912009393639,0.206788727708529
0.0443462586077217,0.0865597737660195,0.105085724004222,0.0998792602457622
0.0545245647275747,0.173310595254453,0.102848347795011,0.0835238622908313
0.0602388512928632,0.101505328043769,0.145285695585432,0.157428156768576
0.057946758285826,0.073602133799196,0.160442407656982,0.212422727727396
0.0607455289156457,0.187149065463471,0.137880428512432,0.126302649841879
0.0648765979291449,0.0950445802875556,0.134715586599113,0.106878179046525
0.0519038449381537,0.0714672797123441,0.117675823278609,0.151494860912449
0.0908198978578398,0.187879091492977,0.125179039648653,0.201795614238547
0.0698212849360732,0.16728497282647,0.11697635153069,0.122387375827458
0.0964260772334074,0.0745562546336953,0.123866813019866,0.112955689779174
0.0583630321318988,0.0938940712960305,0.112534814740668,0.241320475375079
0.0711587558349493,0.121041642600962,0.132581685474634,0.209715526204527
0.0555054254857993,0.111911716966666,0.1266332231255,0.353216243498387
0.072879563312971,0.137480060206367,0.153465253529515,0.165440507307539
0.0430254192287635,0.139654125484958,0.124516090550076,0.143204972823349
0.0650422734934524,0.146565019526871,0.0969965884849482,0.282633546303005
0.0857301602566604,0.0915205027804921,0.148671088919502,0.120848698511125
0.0737510584421003,0.095220753907348,0.145891051137685,0.123422565801029
0.0418897401950081,0.0835745165978323,0.136549994177161,0.164681681330993
0.0489731210782483,0.0574943364019886,0.136289304120914,0.144821020079707
0.070370248379033,0.08313021284898,0.127344706817937,0.126740735084871
0.0555479782409483,0.0861796233017945,0.126414645048308,0.13483264649932
0.0430768312366761,0.0942808463332687,0.145267089755817,0.179953032896374
0.0571012735818011,0.113137151154598,0.160655138679495,0.163253997105603
0.0609730312792431,0.0539384018780118,0.128679944790542,0.151206066873288
0.0597301877994178,0.123515403907199,0.139942587679046,0.116993965803518
0.0470073910522907,0.112996501258376,0.150953833339642,0.242328750749538
0.073176128519204,0.129069048002457,0.136185376365968,0.11194505254213
0.0445552763770854,0.127175050339284,0.160815988438946,0.184852955468042
0.0459275632641614,0.138005856727642,0.0948849166412067,0.138552489573397
0.0616682616210221,0.0733257019105712,0.113771857935977,0.19005147066191
0.053414948222727,0.0686375594761356,0.157989062673523,0.0955739695795886
0.0648594541425065,0.106733308457665,0.112685396161324,0.118372368053644
0.048588291365573,0.127691209270039,0.118417579623703,0.108596591951063
0.0345505644130954,0.0906154795821507,0.147277690403617,0.129058310395427
0.0721454276426039,0.053889263054698,0.126458485825199,0.146560056065823
0.0574011710934232,0.0803809237746168,0.110663242204625,0.167217728992014
0.0735400697177771,0.0745833309665902,0.152122979777763,0.16284649297429
0.0516002068489641,0.081932065425959,0.0981995863358356,0.196270387202988
0.0619028831976659,0.102501820696487,0.15570090438024,0.18419112983168
0.0567369296935316,0.10996465271687,0.115167918577906,0.166036377876783
0.0812250310982209,0.127810407481674,0.13282929663611,0.13298884715252
0.0695551211433187,0.114498729985832,0.125173776279521,0.20915116111372
0.0421697600466682,0.0845531254317023,0.135870148999869,0.206106879978111
0.0604192998396501,0.142189816041787,0.18322176002805,0.248008287916543
0.0858574299249374,0.224425090410875,0.195797563114455,0.1566311217361
0.060412294168839,0.126782773999679,0.121907395280145,0.176302720438457
0.0512476002322883,0.089956762587023,0.149302877702881,0.0967923516997724
0.0496346671332521,0.073994544460675,0.13050143267341,0.180073987916127
0.0576158483479801,0.121863501128508,0.13644177941742,0.144760914697586
0.0739488304587088,0.10126918616283,0.127482389198192,0.0831889482270641
0.0793632504221298,0.0826634893592745,0.130172635529155,0.192620168651579
0.071674439652772,0.140471722420791,0.116313832891547,0.215980044958544
0.0735775889973228,0.0654147631035104,0.166384222704656,0.189222561134183
0.0766925858748134,0.127554093901473,0.12343205156621,0.139508984206472
0.056900812118727,0.139879133604165,0.127875271569654,0.130352943120892
0.0675209032165489,0.0766512148074126,0.149413948161377,0.216975880317831
0.0557959789398819,0.0898498022224068,0.123166022754523,0.144525314481899
0.066642677388603,0.0791850985478173,0.109155892254506,0.172113320782883
0.0515964674518461,0.0845138071332806,0.127078873570879,0.2196779324303
0.0682599166085139,0.104430696627657,0.121289237787811,0.155183156258758
0.0662469823435501,0.0738899206635053,0.12203549320874,0.104093559589556
0.0549375713541099,0.100316586370325,0.152788676768165,0.140041835872665
0.0628588185463766,0.106212685515751,0.123400653108992,0.194570912174569
0.0525613334782173,0.135280246668977,0.107418319884668,0.18499978282734
0.0606603035839064,0.115623124773113,0.136792860602811,0.19349912212552
0.0665883256659745,0.151908708817389,0.135623289345625,0.16333277799135
0.052521901785871,0.089518800186968,0.144672283097833,0.141071725622643
0.0531910217275938,0.125344505312907,0.118873653248391,0.10656021562691
0.0753532170537495,0.117284407247814,0.11858385036376,0.199593370102418
0.0769453819750093,0.0979974311641719,0.0942355281303472,0.227176983411167
0.0538441575192873,0.113358534202512,0.152671134802816,0.229097759599242
0.0473731146851703,0.0907066675082093,0.119036170175231,0.202229450277513
0.0673566974529425,0.153647417548857,0.161394634119403,0.102627969568035
0.0623703280415801,0.084003163916249,0.110983533621545,0.121514441903504
0.0746279745945516,0.0782755787499375,0.138449849702147,0.109252051133669
0.0626668261039082,0.129610530037846,0.14261804792705,0.15238571534796
0.0418591902615501,0.0710465796310552,0.129232854936695,0.212693739433601
0.0617706513281207,0.144979109096258,0.111899339119577,0.159688609031732
0.0397642606446194,0.0682841095582736,0.161931833889158,0.143384841637833
0.0607976415309548,0.131435889528407,0.16114919253285,0.099583922620499
0.0752848055015896,0.0552070706687961,0.159712913705223,0.185165027334173
0.0590700562860883,0.0851844488531658,0.136114337634557,0.157828842476996
0.06504348606298,0.120919156338605,0.13344614841081,0.182125722463111
0.0631858368140469,0.106055273291482,0.187938667964763,0.136406162436665
0.0616070565415484,0.125221224704032,0.135791956059319,0.141805718159495
0.053029703033239,0.0573118212410626,0.127550379378783,0.191519728007366
0.0655778043638443,0.107842195714538,0.112501606138933,0.168538370086284
0.0544547965674499,0.122219303529835,0.131029705270105,0.123718045892437
0.0407264825046473,0.0756871991932405,0.114150997111324,0.258451962285414
0.0570369108543294,0.161991024882034,0.151503727833371,0.254491859351886
0.0759522007306414,0.109581550728224,0.112095571949438,0.167952622604286
0.0614097291910195,0.0619181158498343,0.151794692608566,0.121178290761885
0.079811253976948,0.0747253891263802,0.170607837159377,0.232118110093258
0.060669489109847,0.179964405781412,0.155924303489749,0.142697691495088
0.0467722407375257,0.092473893720874,0.169933101366928,0.154981535037352
0.0538698759206038,0.147660978034082,0.117247052230146,0.168200430039094
0.05061437026457,0.106706140692644,0.144393621331813,0.158630567875616
0.0543836424234044,0.129599777260321,0.136019882010451,0.135197761201749
0.0633740482899245,0.15603821064062,0.136189477105171,0.108632736869144
0.0874785747817516,0.100249701826188,0.177367620111439,0.224497579716784
0.0579788110881818,0.12021060046418,0.0849977958908326,0.227004221644817
0.0418234004623604,0.084570911681741,0.15494253726774,0.169303142448493
0.0538321750627517,0.0790410879986497,0.133264641170667,0.137006502992921
0.0580299063072336,0.109688073074307,0.161383314758722,0.18089088381078
0.113129430945308,0.16292913605616,0.107054902488623,0.21299969389845
0.0920465298831248,0.16347063952022,0.134479004654545,0.104992820751441
0.0605376938622667,0.100845428072627,0.139832355786213,0.290994344265637
0.0850588517905896,0.0855022771869346,0.151646164497329,0.169840931831325
