"e.Status.Quo","c.Status.Quo","e.Vaccination","c.Vaccination"
0.00104666680245719,10.4091458353047,0.000898602617772316,16.2525370199803
0.000883610453941951,5.83487456586339,0.000732041644684859,9.37343749335483
0.000889813651154928,5.78490305690179,0.000697532707183691,15.9356229940264
0.00164302384748043,12.2084839693443,0.00113932365783487,18.6542503412098
0.00135188408433443,9.78678651551771,0.000957494815647649,16.4673206237735
0.001432571514102,6.56027609920502,0.000935823122694623,9.68988715355399
0.000959727099101938,8.44917869369639,0.00104832210951607,11.2987850073997
0.00180718630304332,6.75882020179978,0.00139331476198984,9.99371387557057
0.000841533940289274,3.59806316561324,0.000556477362716587,10.0742215971602
0.00168359968147719,4.09124859347751,0.00105493966174451,10.9761819575798
0.0019841362563988,8.49245241975895,0.00118436136400631,15.9698287859863
0.000947337779516372,8.34272225123788,0.000730139702647685,11.7700863182123
0.000685573525146166,7.75123938091394,0.00061709555495445,11.113245366876
0.00177149815981421,6.79593561145844,0.000948404551043267,10.5243590599882
0.00249227802200333,8.66841976623089,0.00140125983669842,15.8054426797841
0.00107335580594445,5.509681211292,0.000798373232079315,15.7828994582422
0.000265011663929515,4.71246609120328,0.000261730761140796,9.57968042364858
0.00112989258406722,11.5046802886885,0.000635944000040344,13.9632549643915
0.000702838314212689,4.63822145892837,0.000412741599982868,9.72885752106183
0.00157031812878808,6.37639132011089,0.00201010828316038,12.1001569399419
0.00198915999306118,7.81746048331442,0.00183872267426843,12.493180057937
0.00197093632035109,6.54173856810983,0.00141248009510904,12.5017888308714
0.00189477030624961,18.6098762799536,0.0017206620150254,23.0467761408241
0.000434171679786058,4.98128296523488,0.000661608045965403,10.0282102676238
0.00063054076320886,5.2952267001634,0.000985584104702111,10.6653081678087
0.00148461239438985,23.404950010868,0.000724938213925556,24.0227619319769
0.000899224556890764,5.72492613776876,0.000920081421987661,12.5126248056675
0.00116790609731943,3.34914029050248,0.00105441091427201,9.44020371048524
0.000406491864299048,6.21779636297008,0.000336196581774233,13.2038365137316
0.000405935365594665,3.30946269475051,0.000180407258128481,10.2885906625251
0.00188091324151679,18.5603179395691,0.00120083132967334,22.344586760674
0.00052750510440506,3.84132304039067,0.000479597225454487,7.82631941045537
0.000868719668483887,5.18949392360932,0.000504484667662191,11.8396272147762
0.000848407752274494,10.3063286149205,0.000571333131686656,14.0290416800723
0.000894645649524981,7.67395878153673,0.000765279359121131,11.8496785572114
0.00140960516291417,6.58943384183169,0.000871420597454843,12.6493546406207
0.00153332196998437,8.82972570649295,0.00096838327700157,16.0973641065312
0.00063726097748619,7.46639280245408,0.000859479251054205,14.8931739373147
0.000995336164866798,21.08285990341,0.000822572648224107,21.8426491249114
0.000945468176182335,7.091607725236,0.000889314361743275,11.1215329289333
0.00146478493699729,13.670958422708,0.00110262536026236,18.651485030186
0.000682547814260525,4.68404832655742,0.000821813556619102,9.24349065114553
0.0012164617269794,6.32938438985853,0.000729299163886782,12.1246668663123
0.000795299733206111,5.02301492991369,0.00108934555581941,12.0514438970745
0.00138756486448969,18.940328118274,0.000779381835051683,20.4583571642693
0.000869338170949862,10.9977456003561,0.000532347894566901,15.1439918054903
0.000815214186112048,18.4330891556043,0.000711213910012692,19.930045187141
0.00186870801255315,13.6953518546385,0.00111524284441031,18.8320140914086
0.000574044653275781,6.72708050547358,0.000403816154534942,9.61380757772922
0.00102764531549851,5.59199849661503,0.000834704130809151,11.4526083096339
0.00104257367434079,6.38570479264988,0.000992307014341927,16.4873494880697
0.00182488381369625,8.15146631604131,0.00142329730388517,14.4871306434318
0.00103602836751864,13.3556056918929,0.000675582214808424,14.7481075872397
0.000690376803024419,14.8365262888424,0.00043067969335822,18.0658183220278
0.00121692655978028,10.8287816066991,0.00111116363118318,16.4897998691734
0.00173476069511065,12.7611579725653,0.00111056961963104,18.5586306549213
0.000701934405577275,6.20307467051434,0.00108707624083638,14.4570379757928
0.00115658134576464,7.25370533363548,0.000738417802254222,11.3763253814196
0.00107204863058986,4.51039410049188,0.000988133777120926,6.36071536639699
0.00199939460196049,7.97987587815054,0.0012031251263089,13.9726692773788
0.00130741807799476,9.8957088377467,0.000822538662726581,15.6915453539957
0.00131252079249467,7.0857346314735,0.000740578788633435,11.3395635034852
0.00192878124949304,5.56150887214724,0.00131821782102891,11.5261854971671
0.0020687042534536,17.8966643847777,0.00112741027951322,20.1818110425824
0.000524913046387797,3.34530508253038,0.00042427240936102,14.5790653985737
0.00036233597439437,10.5461518166873,0.000416363214792326,16.1973070975885
0.00133767193102031,11.9636032406757,0.000974273400419938,18.817610933632
0.0008053860221476,6.72985456825707,0.000540147414784243,14.0448390228864
0.00127392263657404,5.7594518376083,0.00106328604045519,9.86024986218551
0.00121545347419075,8.10112434649998,0.00118106557422367,12.4136840151813
0.00067644672083367,6.11619713739102,0.000429943059710407,14.3456472009759
0.000368645418175268,5.12042273192522,0.000321063778366076,10.1499325365655
0.00150483431973528,8.14239809340408,0.000994342428006154,12.5655093929305
0.00101139418204115,13.0083144868878,0.000915214057304,15.6651907169004
0.00144060941922098,14.1569121229635,0.00125327617662912,16.5228311809547
0.000588499121458005,9.09739202610419,0.000351992594964006,13.2132780237822
0.00108379627603549,10.6535944828042,0.000594659657892483,15.9427380448598
0.000694644126540902,6.15885096822777,0.000492709458889173,14.7528175899481
0.0014386119330627,11.1749169551659,0.000747072573883156,14.1592965882752
0.00057164313028441,10.7720269393783,0.000322617922935191,16.7616373299621
0.00123585673370049,6.78024000247214,0.00078448583175748,16.1062341706087
0.000639615773977872,11.971133091313,0.000756136056269017,18.3024701980961
0.000765329259122735,7.3548070681679,0.000683760376887304,15.2495662805394
0.000478058339376314,5.86742429628551,0.000542050985624683,15.3203358557544
0.000860767726055749,17.4903150860865,0.000590516779408012,21.1044584229243
0.00108461811097722,11.4183314674599,0.000559496391426378,17.3396829871472
0.00121163321497777,6.19550011143369,0.000611300560612648,12.5823343642821
0.00169951695437049,17.3015061217906,0.00144178895582036,21.0675606195031
0.000771846883385932,4.85568091164837,0.000726489532622967,8.29336939479093
0.000507052197341773,3.6945422292815,0.000443662342494312,8.60721057485477
0.000933225950505448,6.30210930311476,0.000757299364686693,10.5810996468977
0.00093502339060831,16.5179838455677,0.000848977575995204,18.2749812005342
0.000646560987557614,5.10827358789891,0.00086850804859587,11.5274779307903
0.000761445082214609,11.3515979657993,0.000714533527668928,19.1934723313193
0.00103808697860129,7.39864162797414,0.000736587357421616,12.9971875422602
0.0013113197292725,7.24651159125053,0.000949424427064976,11.4195507000617
0.000538163704007496,4.24830018101778,0.000519388086164036,13.7478152730189
0.000467329016550053,4.44476233207658,0.000619919554920631,9.22738322900598
0.00149374716977561,13.2377082903243,0.00114319036827801,15.3326835427196
0.00166725891356295,22.5396544967008,0.00104712166294356,26.8505754686049
0.000756833186279849,17.2094283006586,0.000610759314519845,20.5290575309233
0.00109332087504168,8.02907902140985,0.000623927971582784,18.6528790032552
0.00120554304838032,5.15566835716656,0.000808134582413953,10.6700786654988
0.0014648210826869,20.6518479634925,0.000701139049919316,20.7594792830692
0.00110719003199166,4.79960168961081,0.000565641179119788,11.8015061811224
0.000652978940675839,23.3194900598448,0.000402102526902745,22.6207555885059
0.00066677385976878,14.5260884995784,0.000364513656228533,21.4850632373048
0.00238646888610308,15.7070268243787,0.00186035405447691,22.362289603609
0.00212743051749611,8.56507404317592,0.00105660289316916,14.2942250181008
0.000635504354323833,4.42984276363182,0.000828612521034875,8.49652617294152
0.000862781902321653,5.94341644769987,0.000749951637778638,14.6046821172466
0.00092428075990455,13.3740962392664,0.000689382449696384,16.1337291818932
0.000929055431735238,9.59375911642987,0.000953445558299797,14.5946673353609
0.0010949858225834,9.17107458648702,0.00102874331021849,15.6380118655895
0.000871168357462074,10.907275042733,0.000790190272505417,13.0291280727727
0.000510602486085491,10.7506482469533,0.000436199175156611,14.7429164060181
0.00057902597533627,10.7917184381128,0.000350761162475621,18.143285540704
0.000870924967921538,15.9951532263468,0.000738265398213172,18.161132308428
0.000555547502100981,12.484654419772,0.000222326287609515,19.4506344066491
0.000833787827617889,8.56578727976521,0.000536175339960323,14.2789027118728
0.000573213307488159,3.77141531618627,0.000415829767282633,10.907927323269
0.00126348130541116,7.05425039309439,0.000801709317427405,12.7201420273497
0.00111188509452628,5.9686155118223,0.00127783799690229,13.0262972752564
0.000654154806468494,7.41617417983768,0.00069132370354121,14.8775122777057
0.000827983382727504,10.0016201324639,0.000832949448130374,19.3227519485981
0.00120974084627483,20.3391973235741,0.00101349225758782,20.8750725271924
0.000689535804226498,3.7379823693806,0.000479616428990679,10.3447939895693
0.000561745749975028,8.26208464988665,0.000352020129392927,13.4109836817005
0.000559275514859873,7.11368941088055,0.000515710401498621,16.5275387058849
0.00245740780939649,11.7302385754586,0.00184678587466313,14.1839708634447
0.000343049306520027,5.59157535946844,0.000237095527712433,11.5201672167022
0.00106694177548022,9.22445798260598,0.000508318397980052,14.8517428265901
0.00123863591496712,9.30498571544979,0.00100649158699485,14.7703534754875
0.00117991307785375,9.23688974179294,0.00109247518151219,13.8613036026092
0.000762638693225684,10.0901490502086,0.000559305140450593,16.8722576383689
0.000670899632943099,6.18314578875166,0.000455346560716442,9.94938847001945
0.00189367379216064,14.9110549039029,0.00105443000212289,16.3433506058461
0.00259802555985805,37.2271192925293,0.00263781907247764,33.0252607641755
0.00095085262842626,9.02533325504215,0.000709851003228583,14.8973919885868
0.00159364645898504,7.83694824883118,0.000768595470708206,13.869466401913
0.000624380734384444,5.54225813584501,0.000591291925046129,10.4439165269042
0.00106029414013462,5.61469667455654,0.000808295901215027,9.87635446197232
0.000848686204373587,5.0797468560173,0.000422859130461144,10.9718572376911
0.001464839335351,6.40443935755575,0.00105422097678363,10.5269691065194
0.00137120506991479,8.4966120698295,0.00105296943160811,10.1878111757154
0.00124295284797106,6.49588057320327,0.000991109889217261,11.9050976940667
0.000783727236928883,4.61630494148422,0.000612572627511262,12.0894627117059
0.00140838383825278,12.7726453521869,0.00124836518230722,17.1745073723153
0.00267159221253925,10.9234230442941,0.00105624792271937,14.590181067935
0.000998266454236437,18.812668991265,0.000730919975549149,24.0101365360228
0.00111241394475256,6.88436321173135,0.000960760307976328,10.2968441653431
0.00138934070357585,6.71980059103344,0.00104985896566108,10.3934989774336
0.000362994025559042,6.93043784055009,0.000836174285610234,10.1210708167846
0.000788724257873198,5.99533730635852,0.000565152925272564,14.7275580080755
0.000938482271052213,13.764340673075,0.000699075688267023,18.2991090935488
0.00173967052634389,11.6540720627556,0.00131244292037849,15.5182419049447
0.000891449152027089,9.77738227477454,0.000611702924700718,19.6789267255121
0.000845970532125774,5.7651840091916,0.000623674947105037,11.7142526446476
0.000832912257627805,9.64254774248619,0.000855425558715864,12.9629233147432
0.000483612329426487,5.03813736484436,0.000408472326314173,11.7982604788499
0.000451403679170269,7.69753994719843,0.00038717641729804,12.0544625665451
0.000849714511733576,8.38453257579944,0.000721076277840368,13.6396756938009
0.00161575389168351,8.51049323312149,0.00140792287929377,10.892714709387
0.00034549939122523,10.3238811701717,0.000893169488394111,15.4851051981613
0.00148821305710092,16.8481896411936,0.000879420681024341,18.720589581142
0.000684510007969453,6.25573447204112,0.000714396083787281,10.0958567886325
0.0020241732571683,17.8041205473688,0.00142664545369294,19.4402248795207
0.000412867722264685,4.07508393608635,0.000219531223571921,13.5978001417223
0.000607156906256556,6.69852302340926,0.000429769630706128,11.5835908435661
0.00160533773748867,11.9552038583444,0.000957830631170749,15.2912717758892
0.00124801185637724,9.40226213390206,0.000983813928213587,13.406131282784
0.00305435493512422,13.7590218619321,0.00188583764027027,17.0261125107409
0.00157373195109783,3.62456231237697,0.00116018098816463,12.2867537391491
0.000435522649280846,8.03170381474917,0.000345873554439929,16.3020926927857
0.000854228170372116,6.54989673674294,0.000510042480052535,11.7315371536784
0.000571537251865178,7.38995548729787,0.000628153006451192,12.5733270108535
0.00171545039961031,7.67706847795705,0.00118811882963109,11.4967882925431
0.00127050995770096,9.48799695435352,0.000649406332185323,15.1984033566821
0.000817306430929186,5.59883542373987,0.000505668829744457,9.77795865424065
0.00105756285044895,12.0551265893967,0.000566646277501456,15.2972293290557
0.00147308103152382,12.0123532967678,0.00128499783926542,16.3572957707141
0.00191463429429639,8.29163754302832,0.00128849927242172,14.8007554763041
0.000690698579733607,16.4610667154565,0.000424550039212609,17.5072037112799
0.0010583998752924,12.7294996796522,0.000425670472760009,16.5048185906863
0.000999293186287329,6.83136034312518,0.000485434657784798,13.3532577779857
0.00111463639867231,3.49694260234842,0.000732627829585751,9.73867130023015
0.00133764894349409,10.3364563027743,0.00100028136374112,13.6433314753667
0.0017467315105161,14.1108273708,0.000832668187642792,16.8303209379427
0.000727477647856173,11.9021654312867,0.000414647856173068,17.2086686819199
0.00116900340420771,9.78449092321545,0.00086161069507618,14.7207464471918
0.00176236573353163,17.6881764475481,0.00151278178256768,19.430613898467
0.000558727253589347,4.93799068692745,0.000282230559601587,11.8762700919515
0.0017252414416231,13.0613823935119,0.00143062442640598,18.835661300638
0.000534049246466844,6.56250867927163,0.000416371172266557,11.5321899653676
0.00172997634673796,15.21099067364,0.00104612334269797,19.9569857905768
0.00102464436113881,8.78849888242623,0.000900165584137799,16.241749152242
0.000621774786939514,7.85112919710182,0.000473037892841524,15.2496722298808
0.00115128240968924,6.21768174531896,0.000605512329473889,12.7632076320855
0.00126403944913554,6.08971628889727,0.00119381920837717,9.92720548721565
0.0009049847768752,10.3928561426094,0.000537926070021792,17.6491931836975
0.000525705777778691,3.76864865183076,0.000456928533873578,11.6037835817213
0.000540979621565873,5.81839880720546,0.000419116079104282,13.3788841691986
0.000826630381460528,6.59485766064834,0.000670278216140533,13.1209810811576
0.000589055550391327,8.24658996815688,0.00040304689295997,11.8902616271106
0.00110874489725887,13.5401366557618,0.000728149312024382,15.8692708183831
0.000722349648907757,12.1180452937751,0.000760928440451762,17.883996052252
0.00095403787169093,7.96890671494472,0.00081513682312066,15.908413975611
0.000468755561614259,4.21030232166299,0.000341963760759295,14.3875915618955
0.00135954889677505,4.2454290549783,0.00106900822822998,11.6869842693529
0.00207004252384045,10.2656804887921,0.00172370922254458,18.3135946761962
0.00094877096057892,7.20099262766326,0.000986932079654164,12.8957897358639
0.000795642539709204,6.0249182951355,0.000590887042159653,9.34351795524268
0.000872472806564924,2.00949337516096,0.000962724598426983,9.90791439885821
0.000422454973948836,3.12418491541532,0.000238108181657664,11.8282062365688
0.00185372971807166,14.6830629411523,0.00151286468173439,17.401775350809
0.000940093971140509,4.4128912249695,0.000945335538334885,11.9117963625475
0.00071131797428781,10.1296483456588,0.000400874416795172,14.5539053776698
0.000687167722866198,12.1823260332288,0.000422941865824397,14.8956991584908
0.000282431982425321,5.54065499542666,0.00033124032095186,14.7177082687488
0.00044702389440667,5.209599767132,0.000457265831126761,12.9387426739944
0.000435646543363786,5.18262188354215,0.000255000615219813,12.1909235678732
0.000237338419641241,4.57802577992099,0.000204768941081333,9.91801117900644
0.000778643456826104,16.941596678853,0.000294462636460217,20.3479872114822
0.00112082096885475,13.1310472456813,0.000797946029877369,15.4953306386821
0.000589759990811428,14.9565000435651,0.00045690206268165,17.3127358586953
0.000634091726430229,3.89063830344728,0.000676701715144165,13.0500131357011
0.00118787188926427,16.6420605416733,0.00112160707015468,21.2474673670562
0.000976177732978882,8.37236115367656,0.000743566819407965,10.7753752024111
0.0014044224831751,9.96495835830462,0.00112343062505842,14.8863811898211
0.000984923061383817,9.42339584282214,0.000698354965182013,15.7907930369657
0.000980447069676023,9.63526179653969,0.000406815411577499,13.8807460460144
0.00129458823703213,11.2311952745106,0.00108118536380613,15.3188493239802
0.00122097100531342,5.39578516485047,0.000988347594036916,11.0099238700565
0.00163049940794557,6.68815744948611,0.0014238128047149,11.581300500318
0.00126873909686831,18.4695286239942,0.00126907800113768,19.6495383247169
0.000634398622830734,8.07134149108127,0.000626914364369417,11.214344195175
0.00128271816350725,20.0633951178874,0.000886516406407668,20.0721231740206
0.0020408539649284,5.04566463995958,0.00161301539765122,14.2947273404461
0.00111578084198914,6.28578028563346,0.000854641477114019,10.5863104125088
0.000847772722745322,4.48572238199264,0.000632516182079997,10.9334898254306
0.00160595816555905,11.4579709978575,0.000930315065938457,19.2676928431062
0.00201786714832877,10.928017269663,0.00145372105732252,15.5153575601052
0.00102290457648626,14.076549597575,0.00079281103524294,19.7906048519243
0.00118622696144619,7.17420244115854,0.000842399326919773,11.5394028654141
0.00056595798071024,5.28694831668797,0.000530563880274041,11.8957857070903
0.0012475977063187,8.09612241397958,0.00087398954149651,13.9900394725899
0.0015165946072478,9.85628436500531,0.000602794803138894,19.0456129757445
0.00214187038864342,12.0432667967683,0.00162865280204965,16.1666679856516
0.000887559808691407,7.96360982079249,0.000393238948438414,11.9112073762117
0.000957216238792165,11.745491348358,0.000976686156607066,19.4818289552144
0.000891603513810204,14.0904817188816,0.000775045381649156,19.7887749103521
0.00148838049205049,17.5809394920152,0.00167038965031889,20.007307918573
0.000871148453861946,22.1961314544136,0.000696807511162244,22.7879895472847
0.000863163140581423,6.47520309215515,0.000596874845764944,14.9978755245014
0.00129102640538643,9.42573298803944,0.000883584061292741,15.3348959535174
0.000795434789377399,22.8030572608443,0.000434919929745758,23.2496727957687
0.00163552695867212,9.18180815686148,0.000753267591059314,15.5585384821212
0.000342087299629253,3.88933008720772,0.000302317330893506,8.79962849321738
0.00117926214765107,7.36089955166208,0.000684620409331998,10.2441758165014
0.00102744903778527,15.9113580820456,0.00111597640507747,20.0270772263614
0.000510953527256067,7.35070366444207,0.00040760701301344,15.0138112199816
0.000536509204317546,6.61183623977001,0.000473456609072238,13.7428287168738
0.00106215830793563,14.5208762895653,0.0010195550279748,18.7123969826554
0.000919314877234223,9.02515510139133,0.000643421333392523,14.8953656435674
0.00233048086862053,16.5202679733914,0.00130369717946339,19.2132284346094
0.000807994662370443,9.41454474276368,0.000644777229155281,13.1371766946352
0.000464673245976853,6.62302878863318,0.000427784919988606,14.2753369120515
0.00112816852405082,11.2428067480264,0.000948165737536499,14.1578790065743
0.000933047801848636,8.89650381828581,0.000831755330845602,12.5533740424524
0.00170687981002421,7.25438802748063,0.00214430148926473,11.5193341043723
0.00059063391531269,5.28344139294805,0.000485461144470228,11.4037772218223
0.000733652965664905,2.67701942681642,0.000616253700847001,12.7541489281374
0.000658199411736958,6.60900311732409,0.000412633889222544,14.2182345804337
0.00154676149843497,6.66343132964104,0.0009581284687238,12.8991074315942
0.000685538639898444,5.3635066233168,0.000587352437782808,11.1307732880775
0.000454899615475061,5.88664662747406,0.000361669188799985,12.3013927215949
0.00220340287337953,9.17351897959322,0.0016629202740221,11.8620314714383
0.000734448148046034,13.5221141554234,0.000704309610016629,16.2771042128822
0.00132582067621097,7.60328279261789,0.00117478792607146,13.9028335711043
0.000809396332108975,4.77411608508845,0.00083776298569182,14.5737868440895
0.000403701022427906,12.4535990647052,0.000501309159795754,18.822226519625
0.000809049648400644,11.7721676752985,0.00100157177535037,13.9913338829748
0.00139577088790143,9.36612727487861,0.00121919862160843,13.7295696370229
0.000749911754359981,7.45149343818968,0.000595830198509206,10.6674155910232
0.00217911521523231,4.98333955226888,0.00188690105592315,10.9278278001274
0.000397035495999089,4.33320000925303,0.000324293439854802,9.1065075344376
0.0010052576882676,8.00099337176123,0.000723298280512299,14.2500484176153
0.00123680062327198,11.5229458701081,0.000964557107072365,16.8346766617834
0.00145027599422001,6.18117586996529,0.000883865682885495,12.0270888212011
0.00161526089941996,6.47796618529569,0.00163829024655461,11.7817281947808
0.000614649511012943,4.11238392800216,0.000225219696384183,11.1723018817297
0.000525620084137098,5.47444099097209,0.000474551708706338,15.4661542124487
0.000562559794123399,6.32588343413859,0.000532268386850445,11.5189829510835
0.000973487044610187,5.63071812633301,0.000600241878497737,9.73767022133523
0.000901278959061295,11.5753987393475,0.000622433992592604,21.9905587505105
0.00124921062278171,4.72554493443713,0.00105915487023722,12.3978544020484
0.00106304556256069,7.43918208751658,0.000653084998418589,13.4211253206212
0.000611353694152641,3.92335576820724,0.00050738305997603,13.1200157033904
0.000927666896521809,8.35835580201734,0.00049462549510734,16.2840861410819
0.00131232482678913,9.14270408634444,0.000835477395877379,14.9066875859562
0.00146763133002163,16.0217961952329,0.000807222857182375,20.4766079534413
0.000631882619502906,5.01404989612189,0.000552090705341192,9.35991115194486
0.000690100735484322,11.3857920742942,0.000598791138320811,13.2513608855047
0.000568375477258863,8.1313560718255,0.00048601647227807,12.6375767576916
0.00134271141736705,7.5604425234461,0.00080751031488344,14.7043339692703
0.00142100327999259,6.94329350913569,0.00136356148391463,11.2185740765987
0.000652951895670708,5.87824460519462,0.000608993357936532,11.6851745392723
0.000728284964730228,7.90065180125288,0.000580909801394198,12.6406828756457
0.000720831885068879,14.448235272933,0.00110941231147053,16.476389013727
0.00123071040224519,5.48260314230019,0.000781271873743863,8.40296380798578
0.000973809321367196,2.41842516325708,0.00053764857112445,8.14704548797931
0.000762148111493416,5.94278784955545,0.000619258313716644,10.7135558847131
0.000740260306667435,9.1836527257673,0.000452997799135547,14.251413504285
0.0011516905477653,10.1312792560718,0.00103939496466736,15.4451924019016
0.000683669807261235,11.6500642433951,0.00056913585895645,17.3500021573785
0.000673531656594976,12.4059882659216,0.00062464054237588,16.4733582231522
0.000548052039035527,5.79491757522079,0.000250442660558211,17.1431361737866
0.000748665990473633,4.20309785472018,0.000582612657194826,10.070410171527
0.000815098652708205,8.02604750107037,0.00107774891449117,12.88363030614
0.000961485703177652,19.0163468229637,0.000913285366774558,20.3459293998829
0.00105460004667174,16.6939225519591,0.000758249898546392,19.0770706681106
0.000899653576200302,8.80485309734547,0.000688769831939997,12.2763031236406
0.00186057800737269,10.5015167340423,0.00168994785597041,13.8056749883313
0.00178076346272781,5.94429125563827,0.0011742633755786,11.4834065939619
0.000755876954074601,13.9950469263035,0.000439846037732897,16.4067952057656
0.00126049013985571,13.3605948901028,0.00114610547102129,17.1974552256979
0.000842891776289813,10.5314163161552,0.000868558784181465,15.3741127613358
0.00154768589432042,11.9939652032668,0.000882624639408553,15.7227298248482
0.00195585659522841,21.6133883684349,0.00137970512170589,24.6527197638028
0.00105259208591923,5.27005892998552,0.000651592333841637,11.4605737258394
0.00110174461425857,4.52054363362292,0.000604211939497055,8.27210661069606
0.00135627382458204,9.21395684827813,0.000733837832704233,17.4784499120154
0.000615221769333539,8.93310189666986,0.000633853733042876,15.408847586297
0.00107068124074032,5.62979156456856,0.000800947936964868,9.18477464814838
0.00144367348512692,20.0045220856918,0.000773113657714402,20.412222648009
0.000958021902152103,8.70066038719902,0.000702724146639568,11.9291789412325
0.000709300411976755,6.3271478090666,0.000537705716421287,12.4737194230363
0.00089866647987759,11.0641057182088,0.000544882306284066,17.0323170956575
0.000886588249210256,9.59121653218359,0.000768235186156052,15.2474442073896
0.00160396647023608,7.12651412263356,0.000788852334004913,15.2600280897763
0.000880374143024832,5.85105980351161,0.000813554151192023,12.6358093621228
0.000975147691815021,14.1203804773477,0.000800217365423178,17.5683194608496
0.00131599349899935,15.0542810886082,0.000964148667293798,16.4935416193737
0.00124034253843443,4.93592732179641,0.000876712186936054,11.9601959686918
0.000819398911760009,13.1117285137191,0.000681155289557066,16.8821518034175
0.000660066761245228,5.77864473773292,0.000537336657894192,13.1356968251731
0.00113464728127358,11.1896903066335,0.000996572773909963,16.6351279360146
0.00132584366708371,21.8885220140882,0.00105182128001898,22.2064028427205
0.00132757238578596,16.0414871801709,0.000728249237736869,18.4532347207163
0.000379754813356959,3.15040233563247,0.000313839193845992,13.1960631273326
0.000929510049994636,7.75294522896551,0.000702711893660253,12.0490449022825
0.00110821236415792,11.235589424159,0.000973208358926951,15.6440189660636
0.001107576897659,3.69261562369907,0.000995698892676817,10.4865831508939
0.000928297400352696,18.0010062248849,0.000686931628648948,23.5293841561922
0.000566155336010965,5.1966211306271,0.000683056425450346,15.0196643798785
0.000610165955580904,10.4861558961251,0.000804895318402514,15.2858210877864
0.000229718275986241,3.50338930825945,0.000428805278696848,11.7684078085803
0.00038278390631971,7.36860613051077,0.000540746300343664,11.6850905313654
0.000853536853056351,13.9223627413147,0.000793531025076943,19.1749049117424
0.00192123747881474,14.715563073244,0.00140637816665355,22.4398037889874
0.00147067417768229,13.0117426208319,0.00061127060538334,18.3976986101599
0.00132702509963832,12.4746866320467,0.000822693575591784,16.4559227256284
0.000951273725477965,12.000876173347,0.000669140964677589,16.882402934029
0.000893649152057001,9.94592094161302,0.000650424684864963,13.4028441762193
0.00123392323188681,8.46455072432926,0.000877753369685376,13.5929524878195
0.00036710018675908,5.02082092173123,0.000436198111929124,11.337462873323
0.00156079679311793,10.76978171719,0.00139630142080307,15.4557937556547
0.00272422183792557,13.6600721959547,0.00157530864934898,19.2740415197313
0.00189491969519893,7.95200937959278,0.00174919212685946,12.2430423137634
0.00159527734291349,8.09453181684845,0.00104601998781242,12.9163272256731
0.00180340468149103,8.97431475816099,0.0014775005984107,11.8326572400156
0.000701705536477204,7.27183829835605,0.000634486457735958,13.0419264110619
0.00105603904573397,7.58603511039332,0.000806139899449009,9.78494536630827
0.00103080711324121,6.16226186562587,0.000716443111361286,9.911040921512
0.000661834401968385,10.8011606637778,0.000426280971603181,14.0078422648329
0.00178473637945039,5.74239671157984,0.000507040927042955,12.9706408553233
0.00157591800944354,6.57232740584627,0.000888451381233651,16.4523167629383
0.000809610311894403,5.1042936985911,0.000334999490804664,12.7345980397882
0.000772667406759746,9.22345488596898,0.000436907009627078,14.4812953532412
0.00131219981862572,4.92751311896197,0.000991914886822825,9.5451166301655
0.000924808634457805,6.08670244198559,0.00105279607990605,11.4912017489982
0.000720787482973295,5.39868174436936,0.000522361287877529,12.8006143167806
0.00172041551936389,12.0184719325383,0.00130504885431269,14.4865055472028
0.000723369105868158,5.16232876941246,0.000374921248295544,12.0011097547763
0.00109207482678535,4.33435809463066,0.000579367303264972,10.4254350584713
0.00177505151224833,5.79162517409941,0.000732658261197005,11.467836601337
0.000982639436069284,15.1265728064667,0.000957221610013065,20.2698056103968
0.00076475916264838,3.22734557515949,0.000896255285686096,7.64747154652388
0.000408037390520651,6.47592584185035,0.000365677536251885,15.2754482957175
0.00104864796118297,16.5008655440249,0.000996821632741204,18.2410283403544
0.000849618743744835,8.29006819943206,0.000567059960174222,12.9859999293549
0.00251327027857711,16.2000040456744,0.00151089844982107,19.4485344267264
0.000661143454815705,3.15672171037328,0.000409128121915953,7.99104518612664
0.00120066662719882,18.0352303998091,0.00101121468453297,19.7563052305426
0.00125062735035717,5.94241018380242,0.00110293178844091,11.9156023018996
0.00072565094768173,3.28908071902802,0.000555169525671641,12.2618263530079
0.000737389944485683,7.45731983794475,0.000571724449976732,10.8549810611324
0.00103431753383969,4.48129764465562,0.00105859543667071,9.97048926951534
0.00177966288004642,4.98117348956669,0.00126703524317499,11.6094893544861
0.00236580051248036,22.2611743605805,0.00178242487168699,21.8118214977609
0.00148245599007986,12.7841471801462,0.000908399721879577,15.1249909065387
0.000956955319820865,18.5086001295875,0.000657239951839609,21.4569224448442
0.00104359677970545,5.79990316868633,0.000581884651082494,11.7227227761024
0.00124255039777265,5.5089615446882,0.000800316855017688,12.3911188757925
0.00129587355723111,7.61061525627056,0.00079861016250582,15.3156044827126
0.00176720297444771,10.5202966628616,0.00136359164211364,12.7507907726052
0.00197290614301963,29.3180144957578,0.00113425436922138,27.1749017088978
0.000871821961943924,6.50347153754797,0.000750139570337303,10.1860143529691
0.000472716051135098,4.60105349643499,0.000530315935257787,13.7419720757865
0.00159383912385981,11.6253038074411,0.00126491662464845,16.823875621445
0.000707015071292888,10.3373218573703,0.000391687554830116,13.6733022372299
0.00058598493732519,1.96659920458567,0.000383544822014182,8.43463809852859
0.000719582052768287,11.912293910852,0.000746726201754075,15.3183959108599
0.00170386609566172,12.8062213930294,0.000898570935569272,15.8027941867527
0.00172430302690681,13.9855626304131,0.00103651762844836,17.2177095397809
0.00050413966792996,4.77016716858931,0.000243748279296719,14.492865710331
0.000706481996148727,9.8590228463996,0.00113991784598442,19.3671492087824
0.00116666023185101,19.9614605553219,0.00090544401225227,23.3751054835311
0.00142043770804035,16.5865241892156,0.000974630405789807,18.9741399977994
0.000906786562622054,5.23261269328103,0.000538764372745615,11.7413708601247
0.0008247144514498,4.03245875375842,0.000558143547216038,11.8165589491311
0.00161582510303735,15.1833994814871,0.00143889206450156,18.1742736102992
0.000668802214580939,6.37599594779681,0.000501602002392689,12.8223617583179
0.000942118666291117,8.26857461964029,0.000740726385351074,10.618532269533
0.000491834247871004,13.1549218671303,0.000469062158339826,15.0189070262304
0.000696273337547928,8.20627783220181,0.000757371673422855,16.2744162529115
0.00123432980122198,10.6530760057256,0.000901081505464854,17.1880716211969
0.00101955304455837,7.71247718619161,0.000661417041544037,12.5794391877767
0.000927399181580255,9.6843366902408,0.000685310162136815,16.9330397418403
0.00179824900524077,12.5135849862064,0.00150758094299444,20.4141412562652
0.000709841997117213,8.31235720833761,0.000553181283452732,13.990412044797
0.0012982595686448,8.04635060280503,0.000816385721981755,14.5418026983974
0.000911604814500854,8.76310857052328,0.000516047171063862,13.1682116372618
0.00056335714687624,5.86613876393285,0.000312569785663255,13.2700193242174
0.000325605882970136,6.57057268451502,0.000442969461516739,14.9440490600372
0.00065445580888594,16.5417126365373,0.000598320474416193,17.2747281117648
0.000599124516535946,5.97601232470626,0.000505599320572502,9.83454140311299
0.000279280695068143,4.16739122971447,0.000200916027822394,11.3711616335001
0.000542698418708179,3.68490844813947,0.000390039611382889,10.2986463234126
0.00199624609144931,12.8546960876096,0.00129210055271148,14.4310838955087
0.000573188179608191,7.47041506827937,0.000724562589105255,12.0159436879591
0.00161521019070541,55.0090041822886,0.00120185239123881,46.2015693442229
0.00160014468054445,15.7085755730353,0.00136549724110841,18.0683133481045
0.00173817909569279,11.7242427003885,0.00122979526776223,14.9868683121473
0.00104254794638735,6.77566044436364,0.000703301379465724,11.3136869801167
0.000766546089299213,5.48589656275162,0.000594264250143491,10.4066659848323
0.00123759659368344,6.03124734937185,0.00056059390186069,9.87269053608342
0.000889496677205864,6.80027290440412,0.000486121412566854,16.5259118735717
0.00106425663076366,14.2261441989649,0.000498304516159723,15.2600595131088
0.000854478439921141,8.2748937712843,0.000597341538319621,10.9463870285636
0.000989917741597447,11.5576531356931,0.0011627683854337,14.9486500986951
0.000792865488265244,10.7749790881782,0.000380366902143174,14.6407265211455
0.000671003342966084,3.18312078148444,0.000330772434141336,11.5635964042879
0.000777498385058604,6.96748456398795,0.000570826141981187,9.90331055431974
0.00162681608082345,11.8687212292646,0.000963078930425076,15.900445323706
0.000329403653453157,4.49131410636624,0.000206082891044956,9.55729408992269
0.00104937116688562,15.732706423535,0.000688471489094585,18.9139724517453
0.00120621382559048,19.0662751094408,0.000913237984013937,21.0992707693167
0.00156767918545749,11.8188798711183,0.000989602097061814,17.1197264469545
0.000559774076854832,4.25023490780907,0.000565961927624146,11.6803557076302
0.000830948740550532,13.768759498648,0.000596814075433804,16.6428825696351
0.000574120339205183,6.68516906879723,0.000675284951038215,13.2613955548195
0.000677832899101637,13.9669072712383,0.000588993504656028,16.4779429218787
0.00110016301792412,4.47926361756026,0.000393877978694719,14.0125272058098
0.000770519200667487,16.6903372006122,0.000753359902778798,19.1389101759634
0.00130568579939757,16.1712981558951,0.000758345986850735,22.1907246693283
0.0013619690420126,10.0024380950697,0.000915968293745162,15.1523362485099
0.000986447263681351,3.50673902384156,0.000666342498880302,12.6186603294276
0.000621777037000771,3.65493899785405,0.000495443787594414,10.2981831703215
0.000811923999286215,4.33755638583803,0.000495358593038551,14.6248647342007
0.00111461613668312,10.5081623993219,0.00123991376610883,15.2843763144647
0.0016847191824227,11.2086493166458,0.000744923203303383,17.3868789463263
0.000474194783504874,11.8863093048721,0.000562950022759283,17.9211545759178
0.00101997118594197,11.3303070230596,0.000863126455712639,16.4442794964106
0.000561820375892388,13.0344117032673,0.000506834262693509,17.3368695349973
0.00159451313321082,18.7419568410013,0.00112956032122599,22.0385421002628
0.00102692695790549,8.20273997358221,0.00092079056262448,12.2278139091325
0.00125414942503072,16.8263575122664,0.00105783402752212,19.3338289725192
0.00177450678157783,13.6925868065913,0.0015246200360798,19.6751304478842
0.000545220283349313,7.11464803293853,0.000441629756730834,10.9987531032182
0.000935494521429766,6.00698779431074,0.000764283955822229,13.9399866857672
0.00115851612576132,21.4951272623886,0.000729886046105442,21.1087224979778
0.000699447096585487,11.7003920645212,0.000392167658150782,19.6049759173519
0.000765107036748735,7.50873846286142,0.000959515212337709,11.8494217645793
0.00149131293891415,11.9690632640508,0.000828073752366106,15.3561570457761
0.000935490336003808,6.98671412559374,0.000833502534638179,11.8293671180877
0.000588677598912641,4.64873528172168,0.000646644265302699,11.3404988372908
0.00283966369673763,8.68727137877394,0.00218114629624759,11.4540813434021
0.000656829229735462,11.4042172116056,0.000658184446885111,15.5536347196077
0.00227469923790767,11.0612714448648,0.00135695632718467,15.6359256086983
0.0010055548954223,9.82660556172952,0.000711482016122633,12.5591940878942
0.00203753543712887,8.13354546724398,0.000687382958661893,14.5400125439319
0.00118227264717669,8.48705567565907,0.00103857067051154,13.9284132368771
0.00128024344221285,9.80913059242117,0.00160299601738037,11.5319989854862
0.00284055616445041,49.6669582670092,0.00149617182283961,41.1778050728139
0.000738928839801523,5.81107353534173,0.000658802503559827,9.55293654983596
0.000629506333853889,8.74533509362711,0.000735204159892759,13.3525830437361
0.00179381793227249,12.0911702330978,0.00122429683332437,16.4859976952215
0.00119295335789678,8.95723934223752,0.000604842272270723,13.0732040969656
0.00141986202597945,7.5474876294668,0.00141353985060852,13.1148524743761
0.00136773513486889,12.924646170855,0.000872082273571055,16.8993113041547
0.000950282362599905,6.67674756560333,0.000619098734029145,10.5407673889682
0.00102659640839797,13.9721387047373,0.000837196217088825,15.4678109879797
0.000669233897244991,6.6677498306744,0.000535910453879902,10.632913063248
0.00073070824771412,13.6832787337341,0.000799090704898115,16.2083859656587
0.000454719462183945,11.5316258306466,0.000482052774520111,13.7051364922541
0.000707546198826475,5.49568245224226,0.000550366582023774,13.699563345022
0.00134092851003169,7.74167953844711,0.000452526200223189,16.0317161516158
0.00145855369601598,9.26440453322449,0.00116553667314957,14.9383190154079
0.00106695569156238,8.67477167687959,0.00106813030042436,12.1903360760093
0.0015959245209579,13.5246799117661,0.000641052617985429,17.1803365350649
0.000880213569901101,8.22447048792612,0.000810712728514589,13.2707120731727
0.000370573761629856,7.9689559539457,0.000703868504046088,12.2576397417629
0.00121541584877807,17.9585337645211,0.00145628643343402,19.6313961630528
0.000358854623338149,2.72130185960947,0.000735409695758314,8.0701392172
0.00109521563435622,7.88593190157411,0.000621145529186299,14.8702573378012
0.000563633704676953,10.103146070279,0.000395015410260149,16.0412023956201
0.000924924075669781,7.40644859680826,0.000439231469225419,14.0136381270509
0.000837389070940457,11.1626989603818,0.000448205600951357,17.065141916097
0.000687611313962682,6.70550110315107,0.000560186075684532,13.527023038305
0.00171328783919509,7.34907400430721,0.00132714349359277,14.0903078143477
0.000786150213034685,8.55639628610305,0.000649915717189684,12.4089411261367
0.000879182486080739,3.04615357190893,0.000856683440945538,10.0472316171872
0.000517323703468903,4.38487317527853,0.000334224222868503,11.1181904004493
0.00118997352402375,10.8465982977325,0.00082615864519129,15.2439317237523
0.000864658720956275,11.198545194946,0.000894158997731914,18.6642420916928
0.000726317309897924,7.59828731344516,0.000458717378592704,13.9811504216584
0.00119817178604461,2.88910925370382,0.000822743942460845,15.2096227880978
0.000894468648086952,7.1336683009771,0.000444650188088481,17.2340317514129
0.00117042296926889,4.79349763349434,0.000772132043131733,17.0284119392575
0.000402176509140486,4.85048046295989,0.000516531097867558,10.8198264644308
0.00109404946004025,10.3451353761319,0.000868805003093191,14.4861437840606
0.000605130647060759,5.13306337478533,0.000397960960566014,8.02887027915003
0.00104553830123647,9.98475730303402,0.000822363259997931,14.1540423017221
0.00117014692221775,4.91606049681708,0.000603073509302878,12.35939217763
0.000970957946221205,5.64648196023147,0.0005224804151254,11.6626578391152
0.000480342472050388,6.95234775614256,0.000534836726330518,13.5463544932286
0.000938051352093368,8.01697477664138,0.000974877764771926,10.9103352338157
0.00129597853651842,7.61969084524435,0.00107749178070277,13.1497688299477
0.000699073711389281,2.94333382332085,0.000471746426530136,8.93983775542178
0.00120890616212821,8.20246420628207,0.000643006411424212,17.7430348150886
0.000568928553455439,8.50342982373401,0.00075638525429359,16.0597241591411
0.00127058356787559,11.8864014377517,0.00166948416732101,16.2108913958163
0.00112585149873251,5.37840800185215,0.000649026728145836,9.67912655036484
0.000986275568913782,4.61678658746354,0.000788307323764627,12.8456749225353
0.000796884772144827,9.82762909345984,0.000574481807219384,15.0725636025441
0.00132935079458101,9.21534802056026,0.000727987019172078,17.3721178019946
0.000941388227260007,5.84011785281616,0.000854754047411593,12.5972293965387
0.00197622038236606,12.7943150955723,0.00133438396335377,16.0239423647504
0.000596272497819065,10.8242478630674,0.000681246061837721,12.872635648638
0.00101558189306935,6.81083822197554,0.000462113948894909,17.5243696649181
0.000982743869576881,4.96469801322461,0.000870776336510554,12.2494702917955
0.000636490253680462,4.70586113998521,0.000574532508079397,15.362103386876
0.000897052131925774,9.18769568919704,0.00120204080952973,14.2943503364037
0.00124334735352035,3.04092306346955,0.00059414140498397,6.48751133354009
0.0013986446995769,6.11770753653773,0.00101421144044601,11.8927432509324
0.00109728226817223,5.93710515951012,0.000604513256932504,12.223198228656
0.000561976974242712,17.0079210789844,0.000653801162539982,19.4517495481305
0.00085818335063278,7.66915391907807,0.000658751533332087,11.1924035251388
0.000416660713545613,4.53079574590164,0.00040755669010205,12.1961827922504
0.00102779256190697,7.58918125502988,0.000835257076889618,10.5579086631882
0.00179780390728957,6.90069619374175,0.00108774286807766,10.2705488687019
0.000849731333109749,11.2734878323795,0.00088888080067176,15.6279438090299
0.0015728565856599,13.9563910425187,0.00114838103525929,17.0319291789004
0.000937665391105311,5.11570708183596,0.00112309418655282,12.41523726098
0.00119474526167721,28.0476922037716,0.000685194590367275,25.8040897776245
0.0019275749296821,9.06650896549361,0.000889446159360411,13.9847009553327
0.000648477547208878,3.61103479890489,0.000571581079282375,7.57839087517014
0.000910493581080705,7.32198957540413,0.000647439846032698,16.1033487398373
0.00161808768336393,13.5979600539774,0.00135898319843977,16.6745074864049
0.000476324746004345,7.23385171245121,0.000441509686156914,14.1465990101838
0.00103739354539281,22.7862945964735,0.000787749142220071,23.6520751070355
0.000534346576254251,17.4220992362509,0.00064170239622266,20.0084386620038
0.00116344781611781,13.084393332102,0.000988491647214877,16.1584740400848
0.000665044911479054,4.91981654716115,0.000532573963553548,10.379136801505
0.00213389473963318,21.3138075752435,0.00181333663843859,26.0358288190713
0.00122671100254473,19.0330168307463,0.000836839544300104,20.7852217851096
0.000409620003402842,9.41121299162727,0.000255967286720273,18.2142179745222
0.00098142233480076,9.52589961738673,0.000869315272328128,13.2954370933183
0.00291672306608459,11.0561968891344,0.00162558059031642,16.2084737753543
0.00103379197614195,4.63864488273512,0.000786444663173085,10.9763048929344
0.0007365001085419,11.8461548631158,0.000627793024083771,17.3399928014401
0.000874083254349457,2.90874740858507,0.0007123619361228,11.4636885417214
0.00139923750045082,7.68332926091383,0.00137127021755544,12.5061929156943
0.000728470804016356,10.134305576422,0.000606577104929796,18.9140843553029
0.00104321458434186,6.68518825761089,0.000423352522346044,11.942259263164
0.00194094753228819,8.3893727290761,0.00102959688729255,13.2301430644792
0.000686994957829919,16.7361066760206,0.000630147489996945,16.9871700364358
0.00158592111809424,5.25963781690658,0.00122791981319169,10.519303118164
0.001452827340073,12.7294860199404,0.00145067745216658,14.2276421724461
0.000897819776938052,8.97363193125651,0.000491644869480376,13.9792576843258
0.000494414640223835,4.20658922120445,0.000418492953915149,9.63493080195212
0.000566005874714431,6.59350473614937,0.000682584102866706,10.0535746304959
0.000932468173696851,12.6538521127794,0.000624213218284592,17.1449976494442
0.00122985428674657,8.26645373539239,0.00146013637040071,14.4741742045199
0.000894406791186815,9.41424396224417,0.000793046423235578,13.2391736684225
0.00121408219472566,6.27154335128186,0.000673903030342738,9.56630859553795
0.000979865351439464,13.1267206468652,0.000926062010428848,17.3462250497346
0.000985117989622158,16.1756134719767,0.000577243869434814,17.5800734377588
0.00061810506702311,3.08568669753873,0.00051804720530065,10.5855708979521
0.00086445338993822,5.60648465219066,0.000745911906423428,15.5988638402477
0.000765836872974119,13.2504118008423,0.00068167913757678,14.9787714480958
0.000683606031960731,11.7220329151635,0.000661525024852436,14.7252958995193
0.000587219670758811,6.96098523768012,0.000464791413650042,13.8499136672392
0.000744352499491319,5.72712576581625,0.000381544286704598,13.3243270852972
0.000435818111198183,17.6701675320267,0.000530509567869142,24.5571111132231
0.000846027168438594,13.5356832237217,0.000542779720565056,20.0600771730681
0.00125053196449582,6.33010748206159,0.000611552409409825,13.9581995266702
0.000510987004915172,8.94907019168611,0.000281679301162192,15.7900201370812
0.000863717278301676,9.25128487176581,0.0011592597660977,14.4073438505203
0.000909598018455877,8.71374129687837,0.00074769462088421,13.5561252844484
0.000607422289431901,3.09509335809513,0.000396460191111463,9.04756444746538
0.000948104956275698,3.85682710691905,0.000743744183606681,9.13551433213007
0.00122918437189846,8.14880918738723,0.00112362415099083,11.0225763933039
0.00114724671483363,16.3457616315534,0.000648377883690955,19.1557883474742
0.000804354624315357,11.5651775931363,0.000415658921152687,19.3563354422258
0.000746372304602242,2.60364937503317,0.000310453579049355,10.8089666280163
0.000513771868467248,3.39616544758457,0.000620390450545998,9.19124991558109
0.000998649051217006,12.0222137788353,0.000800021694049392,18.1707058248473
0.00105979982883318,3.5010584341582,0.00111502507239085,12.109947494614
0.00128707178742755,6.07972330167434,0.0011726785452071,9.36430486622564
0.00140511604092609,10.043401015671,0.00120728829360946,14.2491506045076
0.000608268498432522,2.08867747975238,0.000425196572022196,8.80241382964004
0.000811366413376762,2.50240914649324,0.00103449792489264,7.27677059702364
0.000646108554491902,10.1446267174312,0.000376948329798739,12.9550828947257
0.00101569511978599,8.49184242868573,0.000793580982670857,14.8768788046184
0.000928179978749695,12.9745154185817,0.000765401813064109,14.5113425333091
0.00172331358388674,12.4870353587148,0.0012695327215177,17.1284394226434
0.000754151625145163,4.82507761415473,0.000659214642697512,7.75904855785057
0.00329502105578432,20.6245011590408,0.00247842316275012,20.6844904916149
0.000579702544059651,13.1813097443389,0.000593777143246702,15.1610672901004
0.000996622810608816,13.328880668182,0.000817456084985573,15.8746962545778
0.000780442650206321,4.69496370126754,0.000786650755935934,13.340450448635
0.000723552109791831,8.41391613045357,0.00049549448782189,14.9734093469331
0.000863063655107822,6.03563032236767,0.000503641219393184,12.1890911234234
0.000864882483902917,6.68564148281523,0.00049259485983439,16.0913758705772
0.000823450633154631,3.71397989736156,0.000641838290902731,9.84182941273357
0.000872493336334046,5.83818739079573,0.000632176784706451,11.3684562557538
0.000580393361125775,8.5250695899358,0.000833260917901513,12.0124317519783
0.000955306316562697,7.12513760505693,0.000969062136896259,11.8014148446295
0.00114165226895355,8.38250474188873,0.000674517159923029,15.7783472403636
0.000945157962635061,5.11032280220589,0.000976755831767593,9.04981167493304
0.000878099059504487,5.2550532324662,0.000515606457529912,11.7811333552172
0.00160436205029849,6.0459566901654,0.00135296941652257,14.6051386896901
0.00097876374659071,8.40808317003192,0.000886539866439696,12.4308673430611
0.000479868962340112,9.04269233944414,0.000589371830757351,15.9151918471925
0.000401048192148484,2.50902680459616,0.000306111417220977,9.37273757420238
0.00221070124396242,16.4847851408732,0.00149261539358332,18.3939219644939
0.00140389977454423,22.4671551079789,0.000907213238378473,27.3341330633377
0.000460650308520004,3.01788960274079,0.000373798739419128,9.67591182776984
0.00130475900994964,11.2420344308884,0.000571728969482681,16.6268961853333
0.00257673967255974,36.1625860110746,0.00142187342081684,33.0861194194825
0.00142240249785023,11.3720569741569,0.000713222914804635,14.6436684703355
0.000557797553102366,9.53831822846736,0.000602116378545403,17.5526690001127
0.00141028376568515,6.36225459047881,0.000884589881797089,13.1131130989494
0.00107397545089112,10.7164525690632,0.000453053286740172,15.6079465888324
0.00115213583024558,8.17481654617483,0.00061822485761818,10.9882965989268
0.000442632664419808,7.69702254493528,0.000246121928622811,12.9256732586146
0.00055319517143302,10.051300854289,0.000715784891373957,12.8034890580195
0.000551611800924789,6.42212376868567,0.000470000692548258,12.484771671956
0.000783867119284843,7.78957376802077,0.000684509970797976,12.4875139877366
0.00099280329860703,8.94074770025008,0.000682829699548966,12.8818647343721
0.000750211391193487,6.66882814728587,0.000558499966307228,11.8834009758362
0.000830725019111493,5.14939989574271,0.000277873483379506,13.7129012947938
0.00112999064825852,9.73553907277416,0.000892625539911215,12.8704577776868
0.00104293411081603,28.3787891171291,0.000686233579943511,24.3986771479785
0.000973112424564372,16.1023842870969,0.000582976899677499,20.7428144746824
0.00112780313177061,15.1433205280659,0.000892481510280904,18.1474431943938
0.000785390235378593,5.86881366767623,0.000868706645768024,14.6661092109525
0.00153523514011046,5.52354733007703,0.00105674318791428,10.2207015388488
0.00195534598790914,8.30214349810205,0.00153258578467423,14.7974882018989
0.00140095804030706,12.8247831328845,0.00105953005149168,16.2738575384425
0.000980066776334669,10.3806490734398,0.000803261397814636,14.3040739235421
0.0009202336309412,6.14138676900927,0.000668100776929831,12.9635802695731
0.00143047816341663,12.7204447743033,0.000806385760933259,18.21096627906
0.000532509342298301,3.66839452897134,0.00042392376793941,10.0442992336215
0.00112850363192966,7.91528548634816,0.00051373190282707,13.6179766045606
0.000412723309576564,5.97525755578499,0.000398068996243727,12.053710813428
0.00068063476899106,3.76404688544792,0.000499254559061854,8.90089472836186
0.000730754212935027,8.88786288577155,0.000692658074823791,16.2901491472133
0.00127316299047955,10.462808358669,0.000792757660724887,15.7020402496152
0.000907680217512557,6.57951175445276,0.000705622445462638,14.4175106324909
0.00070845626330847,9.91705609134426,0.000538994702587269,12.9270326481214
0.00071151622816298,4.43823750804663,0.000498085048282149,10.6136555840299
0.00147320632455427,17.3548890145464,0.000689205808818792,18.7088945898853
0.000859319009810305,6.66962649860193,0.000600802122287232,11.6708032467208
0.00092205905761293,4.32457753433509,0.000644989193031228,10.2575756839187
0.000761354822226994,5.89804320150162,0.000643803839149792,10.7721804818668
0.00168088908897852,12.6970956968527,0.00114073040800691,18.3940225803053
0.000499000766859675,7.32522518392437,0.000591938728374072,10.3096965192004
0.000442049059513456,3.75312686185386,0.000263601036528542,10.85091578825
0.000933891369332994,6.44711832033134,0.000859955326755213,11.7409947551837
0.000525982510516996,22.4495615294387,0.000477424395432973,23.6868067228155
0.000685340607233608,7.00109145073825,0.000669734913152743,12.3341288323312
0.00121153700199064,4.52106053651072,0.00147025727069188,17.0006952544996
0.0013143572844207,9.11516372726852,0.000512102511177855,17.1804762176411
0.00133810408005891,20.3030574543344,0.000827303590860311,21.6190700331093
0.000962578081375794,5.62697927379589,0.00102127798981314,9.62068902015008
0.00155321942988387,9.66305943206359,0.000836154896130886,15.7180922210709
0.000593302699321187,2.75151630029198,0.000495822410618831,8.17186022166659
0.00042240718499025,6.95877630331259,0.000399561253928662,13.6461008265243
0.000827232456711615,5.58024077536516,0.000620580153312413,13.3811087491774
0.00118034372634619,11.6787445491791,0.00130716045338121,16.0220591849533
0.00143262347994951,12.6682671995628,0.00153561834918047,16.8446803272586
0.00110901804382713,4.51538343004543,0.000723215869220508,7.92299251957972
0.00119017207183617,14.2740872528594,0.000842815604008609,18.7178346427076
0.00185362964271276,23.4506183569318,0.00174594414431419,23.9795536570259
0.00160923859754338,5.7272511039386,0.00104062816778995,9.98451960189527
0.000571406935304602,2.40085418493115,0.000417887775889541,13.6416048259863
0.00110601163567558,6.87448408967984,0.000691348834617995,14.7545624269408
0.000880410694021785,11.0642956447933,0.00067529637109318,15.1072840696928
0.000602308756293412,9.01440180465481,0.000769321831849177,14.5621348914736
0.00149528401516878,13.5237611077391,0.00101780571188497,20.212289462526
0.000612274631088208,7.1515517760658,0.000382648621062627,13.2338694904789
0.000918781258477469,6.90786734296584,0.000760071593527177,13.0929206070838
0.0016778702371127,15.6698841296013,0.00108585067756471,16.7398930090229
0.00213675520801241,17.3184492338708,0.00182634146833901,18.7096820495618
0.00100044293155206,10.578278266976,0.000748390601794376,14.6644823839359
0.00145379117907635,7.75713588404886,0.00078584537819638,13.9420282127548
0.00131039333720471,14.3059943165155,0.00110992749531218,17.9286165380517
0.000517387222246396,4.44343014875031,0.000461448252355953,9.0709685747647
0.00146954934322122,11.4153132996943,0.00130231357052364,15.0664349904398
0.000599909178024937,5.05401871749729,0.000653827054362452,9.25142478047713
0.000635614453755384,8.4064865842987,0.000782702110658529,14.7456629862501
0.000576189531207451,5.57853739636159,0.000718824517134804,12.9518117359561
0.000923109992364479,13.1423416171566,0.000616395350276636,19.2905096807993
0.00104854381396674,8.92609640936744,0.00105429143179524,11.8452979340706
0.000927933225885574,13.4634565744785,0.000825435967788381,17.5108045596701
0.00107380088993475,8.61597661063763,0.00107807807293333,14.6719546286027
0.00130237526100615,3.82484153277447,0.000796226418252618,9.52097738459318
0.0019053442767823,7.62176096630867,0.00216055276909633,12.2333358791075
0.00103990594503661,19.7866906501051,0.00100587892005877,21.1965717327826
0.00186406383128776,8.86548012205106,0.00112313454594541,13.4043301105809
0.00108952486748883,10.6025006929839,0.000455284485320449,14.8629626371446
0.00233714165997522,6.23129419591531,0.00152631543106376,11.1260935188001
0.00119120917217981,9.8333220213441,0.000922488748718998,14.555570538581
0.00140408714292178,7.58429646986948,0.00159166562535047,11.8898521359546
0.00135700447183116,8.05274756772486,0.00121494974653645,11.4692774902149
0.00131309630841995,6.95040053711271,0.00121808034234822,10.5783890949533
0.00145099288322378,3.86587694305681,0.00102366397614983,9.5493101544609
0.00105899062068067,8.00730222731591,0.000861548361263052,14.0711529293829
0.000564443881765539,7.20866079560481,0.000765556892110596,11.0916927033898
0.000624032355665523,11.4645910856742,0.00122223230921549,15.3922963480473
0.00186114339881816,6.93548470614512,0.00140356499102442,15.1060866665163
0.00081560136199335,9.30473133764595,0.00140306910354074,17.2475561908888
0.000594091965840481,7.39386728614123,0.000432694975644032,10.8651957651574
0.000634375540870547,14.7466711734655,0.00102970725963522,17.6064144516731
0.000850045110892962,10.3925290066497,0.00153746260815918,13.9478593779476
0.000952072320197193,5.96674398525029,0.00072213706272727,11.307540730303
0.000778069979098186,7.82641153941982,0.000704212179126773,12.960575024545
0.00151620700088068,3.70297925992029,0.00136886289068598,8.91311444827821
0.00069783467889781,6.43144494279207,0.000752522809615728,9.7975840878528
0.000807693203627183,18.1225371403493,0.000643928741872302,21.8731069298041
0.000642925168521052,6.22981327942905,0.000517762429551109,12.4283665339801
0.000582632780632301,6.49518728177064,0.000505313929206546,13.0645938101036
0.00182247558903502,14.800193431071,0.000984969608759288,18.8598861761967
0.00038006442204032,9.50388417259034,0.000765193637264765,13.468654523675
0.0012477263379373,14.4078730138474,0.00100007924653666,25.1509159013837
0.00113128270065663,10.0760395073279,0.000891242752409779,13.8430064248148
0.000584084297768209,9.8389796938462,0.000615750658236975,13.1011779121933
0.00115032838010643,7.59669368253757,0.00146740517405793,15.5661780235073
0.00222041723299008,14.4608050716657,0.00127205417232945,19.1171281993566
0.00127913476751524,6.187055431121,0.000512170948056259,9.76730063065407
0.000768793666899922,3.7003585103544,0.000506063329706271,8.83344717253192
0.00128627474210674,11.8960712472453,0.00107248722388451,14.4680939465829
0.00119976820226217,6.63585145983699,0.000961539360585819,10.2698491036472
0.00153568402515899,7.67543754513153,0.000980631488709936,12.7111052038542
0.00231002018178274,17.5115661873833,0.00162413681310286,19.5608299424885
0.000420843714700617,8.78040882587984,0.000409739955378738,16.0689529091734
0.000980418517218296,13.2880003686583,0.000568820859676153,20.9621564910104
0.00172042578363373,13.5953335000181,0.00104788319465632,17.5892567143919
0.000759989979737679,11.1583871053389,0.000621273763881394,14.0693497567006
0.00197556410886083,21.1921532178099,0.00131264128307191,24.4082155027989
0.0027426498023916,14.7621382083126,0.00183422042917563,17.6383738301461
0.000758258964220238,8.42671956340292,0.000519168086130427,11.8561776199484
0.000835624865735568,3.79691157248482,0.000510389669292128,13.9262045329114
0.00127100431506119,6.39381116177838,0.00109573567784927,11.2604578450124
0.000707902780549599,5.66380780981352,0.000579354653332941,10.1462767118279
0.000957943615092363,12.1954835965105,0.000972984608815013,15.7862556820739
0.00220578021815975,28.2234531139686,0.00100918153185723,27.4561085970927
0.000528452338469381,4.06951203153676,0.000567868780473924,13.5167798035756
0.000546602363442413,5.70929118422151,0.000627976139417879,12.145385133353
0.000806703653083258,5.86892863374017,0.000519069744072102,13.1436297370528
0.000656969253415217,15.8497248245303,0.000693228552263936,18.6166118927713
0.0011228931267163,8.24550607528768,0.00110643501578671,12.7604822026332
0.00131492163536285,34.0991823066186,0.0011920198486899,34.0591966053252
0.000992064476857455,8.69446651879749,0.000799034485837406,13.5817250687134
0.000469721333935842,2.98375000358638,0.000514698984099459,10.6262708429155
0.000469202279245596,6.58477330740334,0.000534218128381497,14.5155717673476
0.000321441705363318,3.82326027387728,0.000463057031392317,12.4784157948437
0.00101297971271745,12.9780097953858,0.000853676767811527,16.7863945039184
0.000466293841963951,4.8616436281901,0.000543368075421589,10.1633838141942
0.00156649198414762,10.8281702725914,0.000855155459519639,14.6591425295243
0.000748629971770107,16.3428959105005,0.000875882995946657,20.2875581131549
0.000469805857584863,12.990745733442,0.000393497387991178,16.4281302234246
0.000617454011921054,6.09225344073645,0.000543721814986797,9.07531034219947
0.00182395768579747,4.68682916150865,0.000942164538966255,10.1948968327462
0.000978858405019192,2.7694966766311,0.000712054482379335,13.0230392096019
0.00113975036856864,6.54563059425583,0.0011244685178952,10.9652137328966
0.0008575217172029,5.37783851618929,0.00048019207836711,14.1681498654693
0.000907219733937208,7.33783703173211,0.000896663267041834,15.6673761787035
0.00105875886863117,6.34894000697985,0.000790565037964927,12.1436181995149
0.000600678592423771,6.68577382896695,0.000486615723640263,17.8720403637431
0.000697615492159292,10.7463610583438,0.000606623910165348,16.4985495597566
0.00161718024135644,10.8259062118206,0.000862083943983515,17.3345364954064
0.00103485898523084,11.3556793721673,0.000850403319348705,16.7884235611866
0.00156092995249808,8.38341749559126,0.00122245801955384,11.9004098184184
0.000805261083645058,7.95261468908397,0.000973480710713976,12.4646840181187
0.000995693916164674,17.6189716164321,0.00064535068379647,18.2928372242784
0.00234111504554843,13.1063595349945,0.00143310221684308,17.2316722521001
0.00139653206131236,11.3734329833125,0.000748903107832319,15.1507524261957
0.00121343844623283,13.1148564436899,0.000798559095529146,19.1085648752235
0.000467067646435501,16.0227409769249,0.000551313337503826,17.5727399927789
0.000716687513544057,4.29011623062001,0.000414188050638204,7.74755615282496
0.00110205845930466,11.5981146686667,0.000784056950347407,16.9747729606504
0.00193696865795054,9.96608840472406,0.00143782906821409,20.1429027518308
0.000890172508554768,7.58912706690442,0.000734532706950003,12.5877188891959
0.00127280504935133,6.16992319328892,0.00110975653632286,13.3351604674807
0.000946954306754583,6.00811302217748,0.000647871192917935,10.8941082895083
0.00129515914662412,29.736183241164,0.000618244736382991,28.0941194009754
0.000363004616260908,2.94673551014279,0.000443184867664733,7.07524806803915
0.00076954037134842,13.0537970959255,0.000947120606895613,19.0345361228758
0.0016069285286598,11.2723909966271,0.00147530708681086,17.7626360193059
0.00086765534071113,5.44737125119205,0.000616539584815895,11.5285989375448
0.00142761589054307,7.20083564331791,0.000674747232764571,12.3067699033485
0.00096017962276019,2.64817359221675,0.00101357316689227,8.4649516411423
0.00188475498131679,10.9871294841734,0.00075539876636615,14.8230394535456
0.0020629242947215,24.3408688688306,0.00118215145700489,25.8480160707619
0.000613959589419898,6.81571166639426,0.000520321118176691,11.8448503175805
0.00065344935407114,7.95993092323516,0.000495152177495692,13.0948230512606
0.0012686887607941,9.7886364658045,0.000854632968849831,14.9900199685979
0.000694652219775107,7.81777162666372,0.000392038388289664,15.3745464080149
0.00096828713032449,10.7534408337277,0.000589209484662278,17.0402511502704
0.000561484827066247,14.3007742342749,0.000895944385707205,20.2359706545326
0.00107350958014658,10.2945267593348,0.00147822039413001,13.9352487716315
0.00115793769055883,17.8644156511981,0.000769641581302007,19.8170994252107
0.000759963152403807,6.36108917734378,0.000386344356081679,12.0123560416248
0.00170390948628361,37.7095764825912,0.00151552724356709,34.3851389719626
0.000585520318086909,9.22773904333311,0.000258941746914974,15.173553024603
0.000835860012702785,7.79550163609023,0.000378665457193066,15.0631722648504
0.00113552864184438,10.4758876762244,0.00092179173265781,12.6519802773365
0.000856447620866328,7.41964980979988,0.000555474983768316,13.5708400418311
0.000975964490160244,27.9391160554657,0.000455625424284308,27.0395747774196
0.00131098206512467,5.41974990572452,0.00125611388276301,10.8135900356214
0.00165983806955228,9.77180911709451,0.00153795430475988,18.1362608766938
0.000904875634573034,4.80369819375333,0.000577265947854883,12.4785094693159
0.00157537024348092,7.58056416993804,0.000951893831457498,10.3486046719559
0.00219518784344455,15.0686650023209,0.00169407654460514,15.8626209710174
0.000605332025048701,7.4318963206679,0.000730786085053856,13.0861223008694
0.0015563556586268,13.8438638484654,0.000970101343985588,22.4624162725943
0.00133326447384577,13.0265835827084,0.000994657401550283,16.3704868485742
0.00112348561970776,7.8057654654837,0.00110113384431476,12.258760815272
0.00116198533398824,11.1530334248931,0.00107167105614999,13.9335793858361
0.00128561194025334,9.48499988907203,0.00122061619648807,13.0994917626293
0.000964358333227914,3.41999559487988,0.000514113949537805,9.06293983304236
0.00150481196109061,17.951082383245,0.00107343668991749,19.5224424518701
0.00102770891660891,8.70988581837626,0.000716644623508388,16.3860581959466
0.000657723148912043,6.31301425518868,0.000572574643774725,10.056322605779
0.00103508988837663,12.8035808883394,0.000897577274654583,15.7390958214206
0.00153489233249603,10.8625611305482,0.00103721832195009,15.9022084491553
0.000994009085834048,14.1099221458997,0.000947787882076357,17.4563935782151
0.00128842771080829,31.6466892639819,0.00101636250350896,28.6999961445252
0.00094259629817999,7.61279812885346,0.000622734135124377,14.3621314674338
0.000895475870222994,17.9761317662762,0.000554291186447466,21.4714692280771
0.000961127087018979,8.48670884632859,0.000795142840652506,14.2413815153281
0.00118309544815139,17.0025446858112,0.000839123526141369,18.9394048758238
0.000811059121195268,5.31757501705592,0.000472515758777185,13.9258906918771
0.000600186038440483,11.2757697164364,0.000462255800345656,12.9842816931661
0.000911095838056168,8.2816355992915,0.00049123426221099,13.5990278711194
0.000830984963233007,6.15119811853595,0.000688862483178553,10.0931074544318
0.00156299054063343,9.22776057185717,0.00194794777111545,12.4372339407311
0.00132138838105129,19.3083055881337,0.000771474536771316,19.7964482280853
0.000740915914600392,9.54800036065225,0.000616970163186023,12.6845024541277
0.000824488227623599,9.9844748386262,0.000828653304709461,14.2986286043488
0.000484010308315083,5.01345567753893,0.000448287475228719,8.66210258684817
0.00109644360929196,3.57726143700966,0.000604159339749605,10.4979260600726
0.000753958291134956,5.45365901034337,0.000454712244386264,11.0138101449679
0.001243723832644,5.83467726633047,0.000524129361508404,9.04683316850498
0.00149561425204876,5.37861985268164,0.00117461615352034,11.8376892900562
0.000701246407427954,10.2788850317605,0.00037532437004936,14.3928240163953
0.000754420123253865,8.17469325101253,0.000485269494146698,15.403122696877
0.000751247117103311,7.85265038502551,0.000462521116449302,12.1578052778044
0.000298096385510431,4.15082873703501,0.000362485041673012,10.2876640523472
0.00127278857838468,5.53093343101533,0.000481108837144936,13.1861248468928
0.00109559014178082,8.37427145747592,0.00148468668025474,14.1669356291618
0.000971212499413256,6.24810562078317,0.000527773501473961,16.0010755417316
0.000578513401644097,5.20184923043153,0.000707617815998527,15.3166663243616
0.000616286115046805,11.5386833235781,0.000648073965067858,14.5354395794412
0.000728179647741017,13.5905405823238,0.000560156134772674,18.2474974244609
0.000539200043421714,6.38407045232405,0.000409973914891201,15.2161078611105
0.000945024575394117,19.8241666916022,0.000573549385821868,20.5080175329445
0.00159716858605518,8.50236422211366,0.000975281615182061,12.5403955599438
0.00187801039524306,11.5956794479679,0.00146375311319796,14.6524487498714
0.00128799665876751,12.2739741539928,0.0008095832130506,17.2934457741594
0.000710903392082183,9.69151115737193,0.00038506223397583,15.5591077030554
0.00100814153841057,6.78220476918883,0.000650096131657139,11.0332518473827
0.00083924238909651,7.64798735537501,0.000562152476960197,14.6171960922351
0.000798251626385475,4.06593642418437,0.000517043178200541,9.7158297619842
0.00113069391604182,11.5003315989029,0.00102262742683585,15.0905090196444
0.000736956202696738,8.63488690497425,0.000481554860561767,17.6618030678929
0.00171218688984629,7.90957005679715,0.000971855866348806,11.5959957457124
0.00122078587280369,11.0987941097378,0.000587449347529715,13.2199224726383
0.000317560316022502,15.9197332698264,0.000400454306662717,18.4879672729528
0.000712451716854125,11.9025338700014,0.000679539902465,17.0094454894896
0.00104021004645147,15.7463168861743,0.00128373665044113,18.5788556325705
0.00136177402193663,7.31055179486716,0.000980570490641739,11.0839917520721
0.000610803991771351,7.17159264079539,0.000465102870895316,12.9645484811104
0.00063149454953045,7.92405887243409,0.000698153170806446,13.5163478048237
0.000756793407030582,4.03276192901033,0.000620856045578225,12.2537988159119
0.000928956905877941,11.3997509224326,0.00059755940289667,14.3628727859399
0.00116100701388303,9.21777716096271,0.000847391116271646,15.4490662417305
0.0012600381130688,5.0775892173816,0.000861434442878625,10.9047961547261
0.000517782881762626,6.46483768882375,0.000581830303385285,13.693655570961
0.000878361792819461,8.33239029300791,0.000797432910718172,12.5409807238181
0.00135349997840137,7.6507423562048,0.00082989359421297,13.8126287603667
0.000835860368558878,6.77372622863462,0.000610558019171066,13.6832612336527
0.000503230076894534,6.71226756689347,0.000501561154005724,12.7868119656573
0.00118619306779507,10.5160311880336,0.000995679090184912,15.4076969218886
0.000847195300385549,9.43959260170498,0.000779114402560472,13.0542284111597
0.000854111022285739,11.4791283205824,0.00072174018732596,15.3972752446563
0.00129476856791299,14.5790398899302,0.000504418865750998,20.7968144158752
0.000411674091563614,2.87837596235797,0.000894092904117703,8.90942763427953
0.000854603863528115,9.72439369190617,0.000499644692609955,12.8339662169033
0.000863829022923111,7.94026002018615,0.00100447443003774,15.2662276187712
0.0015319861157829,8.47043277306417,0.00174959830905187,13.0471866643115
0.00104122022579469,11.8471389546866,0.00115772785190375,14.9010257839865
0.000580516084234112,7.09653126637216,0.000653325412791857,11.8403879852483
0.000916007363475595,6.45015896477031,0.000398056416032641,12.3909748466364
0.00073226617551009,4.27484900599731,0.000503720155944605,14.2134038024325
0.000526013287448261,6.77882218966634,0.000491773650291833,8.59997832942992
0.000661747857735583,19.3094942327177,0.000524470215697608,21.0438632423406
0.000732215767335923,10.9751853100341,0.000818852366069638,15.1924539283283
0.00146059359723586,6.26786833066249,0.000814159074386966,16.7719985721328
0.00206686504403203,12.7266010362317,0.00133024266121689,19.4334248964968
0.000999827471679036,29.3795275205874,0.000607827734964531,28.6684519589518
0.000886981419614211,8.9306811594775,0.000966252331664431,14.0931084675957
0.00145720733065893,20.8508113127647,0.000935120532033566,22.2104759544001
0.000654731098300227,3.94577092310382,0.000851852534951249,9.53949505984733
0.001556739241486,8.79919388897272,0.00111158150562436,12.5975125830512
0.00111334988241621,7.1833558667574,0.000768707825989603,12.5570521383199
0.000726816047699174,10.8025104297325,0.000910892020962386,15.1482358223789
0.0015036210100846,24.1187376723129,0.000800900550500487,21.8138089020168
0.000839615566973538,7.50787845000858,0.000503005187342127,13.8495488444345
0.00064936583368082,7.24228371358725,0.000785315620956933,13.1429301912514
0.000694163843736465,7.48535217785608,0.000705495792960573,15.743148121496
0.000876696628926808,49.4427791468125,0.00050898465287709,40.6751806479087
0.000997155958616998,6.32866640443773,0.000764284360004804,11.7645212330486
0.00100275983122716,21.5978477495002,0.000530596253861034,21.8040980181458
0.000454378780166648,22.4142980592811,0.000417123059292647,24.7551145664839
0.00119438278934264,19.8044791060569,0.000817115328351015,21.0745637943492
0.00069670371186249,7.60261078368477,0.000558575735170195,10.9981693012823
0.00154643962837665,12.123443682083,0.00075386060274496,16.7283658415237
0.00141411588363715,11.7804277702052,0.00110106515571983,17.2711000932489
0.000375294607607305,5.81277361230445,0.000326323530246293,10.4974754526623
0.00202258712537572,8.39470499680493,0.00140874958132026,15.4259256101899
0.00131839868286128,4.17106362182577,0.00101253266745227,13.8577498456541
0.000453023624009682,12.7389228280846,0.000247290777671067,16.7562747138635
0.000362617297136837,6.76895295622398,0.000448344188749122,12.2119578371613
0.00109186704171879,3.0110831393107,0.000693849331993947,11.8725008960048
0.000898138601762318,9.50464787274992,0.00066842785106926,13.1378522303701
0.000957911789208654,4.62236440733031,0.000978968611303678,11.7134570778095
0.00117719860053917,13.0995307177343,0.000730693311207927,19.5705579896581
0.00166575898776705,9.70852695725192,0.00113586633546635,12.6949823171414
0.0011360297488382,7.3717092283637,0.00053008436581787,12.8419674520225
0.000584388918260568,6.57239615673185,0.00045807355561349,12.8678270598118
0.00149716921774224,4.10766775748192,0.00109655046317964,8.69777511594753
0.00123633359836937,14.8942543082864,0.000841560948064986,17.1297651353674
0.00105364406916697,4.71921087491975,0.000722768380695852,10.1952041119745
0.000938177334974795,8.08885467484393,0.000620693575720831,13.1937125200745
0.00137690842987439,12.5830004394065,0.00124817283531075,15.8573619071398
0.00131975794292532,10.3548515236871,0.00136189756623001,16.2297330348457
0.000455369064775337,6.71079804380201,0.000411172664627865,10.9521931293652
0.000829073824355968,16.3664854578089,0.000552665268487339,22.3953892993349
0.000554179886185434,6.58155154024021,0.00043892363584806,11.9963608287617
0.00179341793305193,6.63302899894361,0.000986312902034117,13.6756624865732
0.00074516525856217,10.4163259270159,0.000471878200713458,18.701036628919
0.000625939967477546,12.8162931435396,0.000773974675009124,21.3632627793833
0.00143227936845361,4.25706361805343,0.000795215301117892,11.3728888191275
0.000636976370343479,7.17399369789198,0.000599203758171359,11.8417003519522
0.000674810434831714,7.28594179037635,0.000527763795739678,11.7108094136676
0.000621231410669518,2.64569409441055,0.000448298114537974,11.1491657086679
0.000715721779500733,9.31742432909541,0.000625756186176432,15.5691851575104
0.00156435053849512,17.8619856820846,0.00144149081430498,18.4353256693003
0.00103273376418912,6.25979196180835,0.000987636207518883,10.4104761805367
0.00134634389258482,8.38069859199333,0.00100425388256856,10.9809714259631
0.00126506228531598,6.95309477871756,0.000880311352222418,14.0513658464552
0.000606411924870432,9.49364844972491,0.000883063961774345,13.0117774091317
0.00101733308110187,4.67235903016108,0.00104033876948942,12.7123080222224
0.00107915577611056,28.8581360742272,0.000618982678895692,28.528070760227
0.0018119786705425,13.0813015461715,0.00142916354196333,15.5983316429848
0.000969918059868149,11.8317487193598,0.000583486512705127,14.6452209992509
0.000846083172355905,9.4239315895625,0.000541973938406685,14.846597531062
0.000389315675423499,7.03432773524863,0.000318761183600839,15.6164060501617
0.00322701725780116,9.26678516253545,0.00194660426352789,12.2667126838131
0.00137999722312721,11.8375853510295,0.00105414850928252,21.1180963717116
0.00152755971722374,24.9810236457917,0.000866943383004787,27.3511410918326
0.000491592835966349,11.3635584981326,0.00118346251892421,15.2448528942168
0.000464680779998634,9.85992997497357,0.000432157396124414,21.0528796400481
0.000846220761206521,5.50832888188151,0.000561750555209172,10.3812386071629
0.00114428515913202,6.62735701059263,0.000776717244739789,13.1798934137898
